"id","sku","name","brand_name","category_name","price","sale_price","in_stock","inventory","brand_id","category_id","description","created_at","updated_at","photos_count","gender"
"baebf71f-4d8e-403d-a0ac-7de2a51bb122","CC7FC89DF4","–°–æ–∫–æ–≤—ã–∂–∏–º–∞–ª–∫–∞ JEM02800W","Kenwood","–°–æ–∫–æ–≤—ã–∂–∏–º–∞–ª–∫–∏","1500.00","","true","{""single_option"": {""stock"": 2}}","bb4fe62f-3ed0-4879-9adf-3229c3d16d54","249192da-5e35-4ba1-ab99-0ed4bb75c9eb","","2025-05-18T17:42:38.07203Z","2025-05-18T17:42:38.07203Z","1","unisex"
"f8ad5e7d-fe6f-4e08-b6dd-a6c972cbcef5","BF47892D50","–ë–ª–µ–Ω–¥–µ—Ä MF815866","Tefal","–ú–∏–∫—Å–µ—Ä—ã, –±–ª–µ–Ω–¥–µ—Ä—ã","2350.00","","true","{""single_option"": {""stock"": 4}}","ca811d65-cf0e-4e79-9e92-57d0169ed3a7","cb7e57cd-56ce-4f93-beee-d721d1be7f89","","2025-05-18T17:56:17.262932Z","2025-05-18T17:56:17.262932Z","1","unisex"
"0ea07e7f-6386-4d6b-a8c2-636cf404251d","E98859A32B","–°–∫–æ–≤–æ—Ä–æ–¥–∞ L23191","Tefal","–°–∫–æ–≤–æ—Ä–æ–¥—ã","1100.00","","true","{""single_option"": {""stock"": 2}}","ca811d65-cf0e-4e79-9e92-57d0169ed3a7","67da40aa-aab7-4c43-a0d2-e90b8bab8449","","2025-05-18T17:56:17.262932Z","2025-05-18T17:56:17.262932Z","1","unisex"
"4b01a131-3000-4177-9624-8a310e64feab","A68E8863A0","–†–∏—Å–æ–≤–∞—Ä–∫–∞ RK7401","Tefal","–†–∏—Å–æ–≤–∞—Ä–∫–∏","1590.00","","true","{""single_option"": {""stock"": 2}}","ca811d65-cf0e-4e79-9e92-57d0169ed3a7","25ab5a2d-1aa0-47c1-afbf-fa17a75f6efa","","2025-05-18T17:56:17.262932Z","2025-05-18T17:56:17.262932Z","1","unisex"
"dd2ab594-0451-465a-aedb-0fa023eed872","55FE3E3E6B","–ë–ª–µ–Ω–¥–µ—Ä MQ 5285","Braun","–ú–∏–∫—Å–µ—Ä—ã, –±–ª–µ–Ω–¥–µ—Ä—ã","1990.00","","true","{""single_option"": {""stock"": 6}}","b53af3e0-d1b6-4552-b012-afd2c42c9e28","cb7e57cd-56ce-4f93-beee-d721d1be7f89","","2025-05-18T17:15:00.082998Z","2025-05-18T17:15:00.082998Z","1","unisex"
"48764feb-202a-454c-a9d5-4bc1fedd4e2a","C9F517C8BE","–¢–æ—Å—Ç–µ—Ä HD-2637","Philips","–¢–æ—Å—Ç–µ—Ä—ã","865.00","","true","{""single_option"": {""stock"": 2}}","f1cc3c6e-9f5c-4152-86f3-e5352d1a311e","b0967f66-0504-4cd5-85de-1c2bbd08f30a","–•–∞—Ä–∞–∫—Ç–µ—Ä–∏—Å—Ç–∏–∫–∏

–¶–≤–µ—Ç —Ç–æ–≤–∞—Ä–∞: —á–µ—Ä–Ω—ã–π
–ú–æ—â–Ω–æ—Å—Ç—å: 1050 –í—Ç
–ö–æ–ª–∏—á–µ—Å—Ç–≤–æ –æ—Ç–¥–µ–ª–µ–Ω–∏–π: 2
–ö–æ–ª–∏—á–µ—Å—Ç–≤–æ —Ç–æ—Å—Ç–æ–≤: 2
–¢–∏–ø —É–ø—Ä–∞–≤–ª–µ–Ω–∏—è: –º–µ—Ö–∞–Ω–∏—á–µ—Å–∫–æ–µ
–î–æ–ø–æ–ª–Ω–∏—Ç–µ–ª—å–Ω–∞—è –∏–Ω—Ñ–æ—Ä–º–∞—Ü–∏—è: 7 —Å—Ç–µ–ø–µ–Ω–µ–π –æ–±–∂–∞—Ä–∏–≤–∞–Ω–∏—è; —ç–∫—Å—Ç—Ä–∞-–ø–æ–¥—ä–µ–º —Ç–æ—Å—Ç–æ–≤
","2025-05-18T18:17:22.193432Z","2025-05-18T18:17:22.193432Z","5","unisex"
"28085f7d-95b2-4140-8155-de32f491deb8","8B7924F6F8","–≠–ª–µ–∫—Ç—Ä–∏—á–µ—Å–∫–∏–π –≥—Ä–∏–ª—å HGM50","Kenwood","–≠–ª–µ–∫—Ç—Ä–æ–≥—Ä–∏–ª–∏","1400.00","","true","{""single_option"": {""stock"": 2}}","bb4fe62f-3ed0-4879-9adf-3229c3d16d54","3c1242ba-a0b3-4cbf-a514-bf8c49af1730","Kenwood HGM50 —Å–æ —Å–º–µ–Ω–Ω—ã–º –≥—Ä–∏–ª–µ–º –ø–æ–¥—Ö–æ–¥–∏—Ç –¥–ª—è —Å–æ–∑–¥–∞–Ω–∏—è –≤–∫—É—Å–Ω—ã—Ö —Ç–æ—Å—Ç–æ–≤ –¥–ª—è —Å—ç–Ω–¥–≤–∏—á–µ–π –∏ –ø—Ä–∏–≥–æ—Ç–æ–≤–ª–µ–Ω–∏—è —à–∞–º–ø—É—Ä–æ–≤ –∏–ª–∏ –∫–æ—Ç–ª–µ—Ç –¥–ª—è –±—É—Ä–≥–µ—Ä–æ–≤ –Ω–∞ –≥—Ä–∏–ª–µ! –ò–¥–µ–∞–ª—å–Ω–æ –ø–æ–¥–æ–π–¥–µ—Ç –¥–ª—è –æ—Ç–¥—ã—Ö–∞ –∏–ª–∏ –ø–æ–≤—Å–µ–¥–Ω–µ–≤–Ω–æ–π –≥–æ—Ç–æ–≤–∫–∏.

–•–∞—Ä–∞–∫—Ç–µ—Ä–∏—Å—Ç–∏–∫–∏:

–ú–æ—â–Ω–æ—Å—Ç—å:	1800 –í—Ç
–ü–æ–∫—Ä—ã—Ç–∏–µ:	–ê–Ω—Ç–∏–ø—Ä–∏–≥–∞—Ä–Ω–æ–µ
–û—Å–æ–±–µ–Ω–Ω–æ—Å—Ç–∏:	2 –ø–æ–ª–æ–∂–µ–Ω–∏—è - –∫–æ–Ω—Ç–∞–∫—Ç–Ω–æ–µ –∏–ª–∏ –æ—Ç–∫—Ä—ã—Ç–æ–µ –Ω–∞ 180¬∞
–†—É—á–∫–∞: Cool-touch
–ì–∞–±–∞—Ä–∏—Ç—ã	32 x 30 x 8 —Å–º, –í–µ—Å 3,56 –∫–≥
–¶–≤–µ—Ç:	–°–µ—Ä–µ–±—Ä–∏—Å—Ç—ã–π
–ö–æ–º–ø–ª–µ–∫—Ç –ø–æ—Å—Ç–∞–≤–∫–∏:	–ù–∞—Å—Ç–æ–ª—å–Ω—ã–π –≥—Ä–∏–ª—å, –ü–æ–¥–¥–æ–Ω –¥–ª—è –º–∞—Å–ª–∞, —Ä—É—á–∫–∞, –∏–Ω—Å—Ç—Ä—É–∫—Ü–∏—è –ø–æ–ª—å–∑–æ–≤–∞—Ç–µ–ª—è
","2025-05-18T17:42:38.07203Z","2025-05-18T17:42:38.07203Z","4","unisex"
"09aaccba-0111-4a8f-b0cb-9cb085106003","5D2F72B85F","–ú—è—Å–æ—Ä—É–±–∫–∞ HR-2714","Philips","–ú—è—Å–æ—Ä—É–±–∫–∏","2080.00","","true","{""single_option"": {""stock"": 1}}","f1cc3c6e-9f5c-4152-86f3-e5352d1a311e","f2fca86f-cffc-4924-9631-ce888a5330c2","–ú—è—Å–æ—Ä—É–±–∫–∞ Philips HR2714/30 –ø–æ—Ä–∞–¥—É–µ—Ç —Å–≤–æ–µ–≥–æ –æ–±–ª–∞–¥–∞—Ç–µ–ª—è —Å–∏—Å—Ç–µ–º–æ–π –∑–∞—â–∏—Ç—ã –¥–≤–∏–≥–∞—Ç–µ–ª—è –æ—Ç –ø–µ—Ä–µ–≥—Ä—É–∑–∫–∏, –∫–æ—Ç–æ—Ä–∞—è –≤–æ–≤—Ä–µ–º—è –ø—Ä–∏–æ—Å—Ç–∞–Ω–æ–≤–∏—Ç –µ–µ —Ä–∞–±–æ—Ç—É, —Ç–µ–º —Å–∞–º—ã–º –∏—Å–∫–ª—é—á–∏–≤ —Ä–∏—Å–∫ –≤–Ω–µ–∑–∞–ø–Ω–æ–≥–æ –≤—ã—Ö–æ–¥–∞ –∏–∑ —Å—Ç—Ä–æ—è. –≠—Ç–∞ –¥–æ–º–∞—à–Ω—è—è –ø–æ–º–æ—â–Ω–∏—Ü–∞ –º–æ–∂–µ—Ç –ø–æ—Ö–≤–∞—Å—Ç–∞—Ç—å—Å—è –≤—ã—Å–æ–∫–æ–π –ø—Ä–æ–∏–∑–≤–æ–¥–∏—Ç–µ–ª—å–Ω–æ—Å—Ç—å—é, –≤–µ–¥—å –∑–∞ 1 –º–∏–Ω—É—Ç—É –µ–π –ø–æ–¥ —Å–∏–ª—É –∏–∑–º–µ–ª—å—á–∏—Ç—å –¥–æ –æ–¥–Ω–æ—Ä–æ–¥–Ω–æ–π –∫–æ–Ω—Å–∏—Å—Ç–µ–Ω—Ü–∏–∏ –Ω–µ –º–µ–Ω–µ–µ 1.7 –∫–≥ –º—è—Å–∞.
–ú–æ–¥–µ–ª—å Philips HR2714/30 —Ö–æ—Ä–æ—à–∞ –∏ —Ç–µ–º, —á—Ç–æ —Å –µ–µ –ø–æ–º–æ—â—å—é –≤—ã –±–µ–∑ —Ç—Ä—É–¥–∞ —Å–º–æ–∂–µ—Ç–µ –Ω–∞—Ç–µ—Ä–µ—Ç—å —Ä–∞–∑–ª–∏—á–Ω—ã–µ –æ–≤–æ—â–∏, –∞ —Ç–∞–∫–∂–µ –ø—Ä–∏–≥–æ—Ç–æ–≤–∏—Ç—å –¥–æ–º–∞—à–Ω–∏–µ –∞–ø–ø–µ—Ç–∏—Ç–Ω—ã–µ –∫–æ–ª–±–∞—Å–∫–∏ ‚Äì –¥–ª—è —ç—Ç–æ–≥–æ –¥–æ—Å—Ç–∞—Ç–æ—á–Ω–æ –≤–æ—Å–ø–æ–ª—å–∑–æ–≤–∞—Ç—å—Å—è —Å–æ–æ—Ç–≤–µ—Ç—Å—Ç–≤—É—é—â–∏–º–∏ –Ω–∞—Å–∞–¥–∫–∞–º–∏. –ï—â–µ –æ–¥–Ω–æ –¥–æ—Å—Ç–æ–∏–Ω—Å—Ç–≤–æ –ø—Ä–∏–±–æ—Ä–∞ ‚Äì –æ–Ω –ø–æ–∑–≤–æ–ª–∏—Ç –≤–∞–º –µ–∂–µ–¥–Ω–µ–≤–Ω–æ –Ω–∞—Å–ª–∞–∂–¥–∞—Ç—å—Å—è –≤–∏—Ç–∞–º–∏–Ω–Ω—ã–º —Å–≤–µ–∂–µ–≤—ã–∂–∞—Ç—ã–º —Å–æ–∫–æ–º. –ù–∞ –∫–æ—Ä–ø—É—Å–µ –º—è—Å–æ—Ä—É–±–∫–∏ –ø—Ä–µ–¥—É—Å–º–æ—Ç—Ä–µ–Ω–∞ –ø—Ä–æ—á–Ω–∞—è —Ä—É—á–∫–∞ –¥–ª—è –µ–µ —É–¥–æ–±–Ω–æ–π —Ç—Ä–∞–Ω—Å–ø–æ—Ä—Ç–∏—Ä–æ–≤–∫–∏ –≤ –Ω–µ–æ–±—Ö–æ–¥–∏–º–æ–µ –º–µ—Å—Ç–æ.

–•–∞—Ä–∞–∫—Ç–µ—Ä–∏—Å—Ç–∏–∫–∏

–ú–∞—Ç–µ—Ä–∏–∞–ª –∫–æ—Ä–ø—É—Å–∞: –ø–ª–∞—Å—Ç–∏–∫
–ú–∞—Ç–µ—Ä–∏–∞–ª –ª–æ—Ç–∫–∞: –ø–ª–∞—Å—Ç–∏–∫
–ù–∞—Å–∞–¥–∫–∞ –¥–ª—è –∫–µ–±–±–µ: –¥–∞
–ù–∞—Å–∞–¥–∫–∞-—Å–æ–∫–æ–≤—ã–∂–∏–º–∞–ª–∫–∞: —à–Ω–µ–∫–æ–≤–∞—è
–ö–æ–º–ø–ª–µ–∫—Ç–∞—Ü–∏—è: –ó–∞–≥—Ä—É–∑–æ—á–Ω—ã–π –ª–æ—Ç–æ–∫, –Ω–∞—Å–∞–¥–∫–∞-—Å–æ–∫–æ–≤—ã–∂–∏–º–∞–ª–∫–∞, –Ω–∞—Å–∞–¥–∫–∞ –¥–ª—è –∫–µ–±–±–µ, –Ω–∞—Å–∞–¥–∫–∞ –¥–ª—è –∫–æ–ª–±–∞—Å —Ö 2 —à—Ç., —Ç–æ–ª–∫–∞—Ç–µ–ª—å —Ö 2 —à—Ç.
","2025-05-18T18:17:22.193432Z","2025-05-18T18:17:22.193432Z","1","unisex"
"372a7467-8539-4e76-bee5-2aeef6264c67","763560500E","–§–µ–Ω –¥–ª—è –≤–æ–ª–æ—Å BHD-360","Philips","–§–µ–Ω—ã –¥–ª—è –≤–æ–ª–æ—Å","670.00","","true","{""single_option"": {""stock"": 2}}","f1cc3c6e-9f5c-4152-86f3-e5352d1a311e","ef56b400-95cc-4656-a7ca-04a50fd288a7","–ú–æ—â–Ω–∞—è —Å—É—à–∫–∞ –≤–æ–ª–æ—Å –ø—Ä–∏ –º–µ–Ω—å—à–µ–π —Ç–µ–º–ø–µ—Ä–∞—Ç—É—Ä–µ
–ù–∞—Å–∞–¥–∫–∞ ThermoProtect —Å —É–Ω–∏–∫–∞–ª—å–Ω–æ–π –∫–æ–Ω—Å—Ç—Ä—É–∫—Ü–∏–µ–π —Å–º–µ—à–∏–≤–∞–µ—Ç —Ç–µ–ø–ª—ã–π –∏ —Ö–æ–ª–æ–¥–Ω—ã–π –≤–æ–∑–¥—É—Ö –¥–ª—è –±–µ—Ä–µ–∂–Ω–æ–π —Å—É—à–∫–∏ –≤–æ–ª–æ—Å.

–•–∞—Ä–∞–∫—Ç–µ—Ä–∏—Å—Ç–∏–∫–∏

–ù–∞—Å–∞–¥–∫–∞-–∫–æ–Ω—Ü–µ–Ω—Ç—Ä–∞—Ç–æ—Ä: 14 –º–º
–ù–∞—Å–∞–¥–∫–∞: ThermoProtect
–ù–∞—Å–∞–¥–∫–∞-–¥–∏—Ñ—Ñ—É–∑–æ—Ä –¥–ª—è –ø—Ä–∏–¥–∞–Ω–∏—è –æ–±—ä–µ–º–∞: –î–∞
–î–ª–∏–Ω–∞ —à–Ω—É—Ä–∞: 1,8–º
–ù–∞–ø—Ä—è–∂–µ–Ω–∏–µ: 220‚Äî240–í
–ú–æ—â–Ω–æ—Å—Ç—å: 2100 –í—Ç
–†–µ–∂–∏–º—ã —Ç–µ–º–ø–µ—Ä–∞—Ç—É—Ä—ã/—Å–∫–æ—Ä–æ—Å—Ç–∏: 6
–ù–∞—Å—Ç—Ä–æ–π–∫–∏: –†–µ–∂–∏–º —Ö–æ–ª–æ–¥–Ω–æ–≥–æ –æ–±–¥—É–≤–∞
","2025-05-18T18:17:22.193432Z","2025-05-18T18:17:22.193432Z","1","unisex"
"6a513cb3-7a53-488f-938a-b50683c951ab","44DC7CF33C","–ë–ª–µ–Ω–¥–µ—Ä HR-2228","Philips","–ú–∏–∫—Å–µ—Ä—ã, –±–ª–µ–Ω–¥–µ—Ä—ã","1380.00","","true","{""single_option"": {""stock"": 2}}","f1cc3c6e-9f5c-4152-86f3-e5352d1a311e","cb7e57cd-56ce-4f93-beee-d721d1be7f89","","2025-05-18T18:17:22.193432Z","2025-05-18T18:17:22.193432Z","1","unisex"
"94e748d6-1eeb-4358-b810-9ca6121f7064","9E0F2B6B11","–ú—è—Å–æ—Ä—É–±–∫–∞ MFN-67450","Bosch","–ú—è—Å–æ—Ä—É–±–∫–∏","3670.00","","true","{""single_option"": {""stock"": 2}}","ba6f4ead-4d13-43a4-b8aa-572b697c3662","f2fca86f-cffc-4924-9631-ce888a5330c2","","2025-05-18T18:26:42.494758Z","2025-05-18T18:26:42.494758Z","1","unisex"
"5a5a31b4-1607-4b13-9086-bb80d3da53ad","5538FD9D35","–ë–ª–µ–Ω–¥–µ—Ä HR-2056","Philips","–ú–∏–∫—Å–µ—Ä—ã, –±–ª–µ–Ω–¥–µ—Ä—ã","540.00","","true","{""single_option"": {""stock"": 2}}","f1cc3c6e-9f5c-4152-86f3-e5352d1a311e","cb7e57cd-56ce-4f93-beee-d721d1be7f89","
–•–∞—Ä–∞–∫—Ç–µ—Ä–∏—Å—Ç–∏–∫–∏

–¢–∏–ø –±–ª–µ–Ω–¥–µ—Ä–∞: —Å—Ç–∞—Ü–∏–æ–Ω–∞—Ä–Ω—ã–π
–ú–æ—â–Ω–æ—Å—Ç—å: 350 –í—Ç
–£–ø—Ä–∞–≤–ª–µ–Ω–∏–µ: –º–µ—Ö–∞–Ω–∏—á–µ—Å–∫–æ–µ
–†–µ–∂–∏–º—ã: –∏–º–ø—É–ª—å—Å–Ω—ã–π
–î–æ–ø–æ–ª–Ω–∏—Ç–µ–ª—å–Ω—ã–µ —Ñ—É–Ω–∫—Ü–∏–∏: –∫–æ–ª–∫–∞ –ª—å–¥–∞
–ù–∞—Å–∞–¥–∫–∏: –º–µ–ª—å–Ω–∏—á–∫–∞
–ï–º–∫–æ—Å—Ç—å –∫—É–≤—à–∏–Ω–∞: 1 –ª
–û—Å–æ–±–µ–Ω–Ω–æ—Å—Ç–∏ –∫–æ–Ω—Å—Ç—Ä—É–∫—Ü–∏–∏: –Ω–µ—Å–∫–æ–ª—å–∑—è—â–∏–µ –Ω–æ–∂–∫–∏, –æ—Ç–≤–µ—Ä—Å—Ç–∏–µ –¥–ª—è –∏–Ω–≥—Ä–µ–¥–∏–µ–Ω—Ç–æ–≤, –æ—Ç—Å–µ–∫ –¥–ª—è —à–Ω—É—Ä–∞
–ú–∞—Ç–µ—Ä–∏–∞–ª —á–∞—à–∏: –ø–ª–∞—Å—Ç–∏–∫
","2025-05-18T18:17:22.193432Z","2025-05-18T18:17:22.193432Z","1","unisex"
"519aeb36-ed84-4db9-b20c-e4983bd591e4","659A424121","–≠–ª–µ–∫—Ç—Ä–∏—á–µ—Å–∫–∏–π —á–∞–π–Ω–∏–∫ HD-9339","Philips","–≠–ª–µ–∫—Ç—Ä–∏—á–µ—Å–∫–∏–µ —á–∞–π–Ω–∏–∫–∏","990.00","","true","{""single_option"": {""stock"": 1}}","f1cc3c6e-9f5c-4152-86f3-e5352d1a311e","362609f6-ee1b-4677-9695-2372689fd2b0","–°—Ç–µ–∫–ª—è–Ω–Ω—ã–π —á–∞–π–Ω–∏–∫ - –ª–µ–≥–∫–∏–π, 1,7 –ª

–°–æ–≤—Ä–µ–º–µ–Ω–Ω—ã–π –∏ –¥–æ–ª–≥–æ–≤–µ—á–Ω—ã–π
–°—Ç–µ–∫–ª—è–Ω–Ω—ã–π —á–∞–π–Ω–∏–∫ –æ–±—ä–µ–º–æ–º 1,7 –ª –æ—Ç–ª–∏—á–∞–µ—Ç—Å—è —Å–æ–≤—Ä–µ–º–µ–Ω–Ω—ã–º –¥–∏–∑–∞–π–Ω–æ–º –∏ –æ—Å–Ω–∞—â–µ–Ω —É–¥–æ–±–Ω—ã–º —Å–∏–Ω–∏–º –∏–Ω–¥–∏–∫–∞—Ç–æ—Ä–æ–º –≤–∫–ª—é—á–µ–Ω–∏—è –≤ –æ—Å–Ω–æ–≤–∞–Ω–∏–∏ —á–∞–π–Ω–∏–∫–∞.

–•–∞—Ä–∞–∫—Ç–µ—Ä–∏—Å—Ç–∏–∫–∏

–û—Å–Ω–æ–≤–Ω–æ–π –º–∞—Ç–µ—Ä–∏–∞–ª: –°—Ç–µ–∫–ª–æ
–ï–º–∫–æ—Å—Ç—å —Ä–µ–∑–µ—Ä–≤—É–∞—Ä–∞ –¥–ª—è –≤–æ–¥—ã: 1,7 –ª
–ú–æ—â–Ω–æ—Å—Ç—å: 1850‚Äì2200 –í—Ç
–ù–∞–ø—Ä—è–∂–µ–Ω–∏–µ: 220‚Äî240 –í
–ß–∞—Å—Ç–æ—Ç–∞: 50‚Äì60 –ì—Ü
–ê–∫–∫—É–º—É–ª—è—Ç–æ—Ä: –ù–µ—Ç
","2025-05-18T18:17:22.193432Z","2025-05-18T18:17:22.193432Z","1","unisex"
"e1c20602-ccba-42c0-ad7e-f7f4fe360db6","728168E519","–ë–ª–µ–Ω–¥–µ—Ä —Ä—É—á–Ω–æ–π HR-2531","Philips","–ú–∏–∫—Å–µ—Ä—ã, –±–ª–µ–Ω–¥–µ—Ä—ã","575.00","","true","{""single_option"": {""stock"": 1}}","f1cc3c6e-9f5c-4152-86f3-e5352d1a311e","cb7e57cd-56ce-4f93-beee-d721d1be7f89","–í–∞—à–µ –∏–¥–µ–∞–ª—å–Ω–æ–µ –º–µ–Ω—é –æ–¥–Ω–∏–º –Ω–∞–∂–∞—Ç–∏–µ–º –∫–Ω–æ–ø–∫–∏
–ù–µ–∂–Ω—ã–µ —Å—É–ø—ã-–ø—é—Ä–µ, –≤–æ–∑–¥—É—à–Ω—ã–µ —Å–æ—É—Å—ã, –æ–¥–Ω–æ—Ä–æ–¥–Ω—ã–µ –∫–æ–∫—Ç–µ–π–ª–∏ –∏ —Å–º—É–∑–∏ - –≤—Å–µ —ç—Ç–æ –≤–æ–∑–º–æ–∂–Ω–æ —Å –±–ª–µ–Ω–¥–µ—Ä–∞–º–∏ Philips. –ü–æ–¥–±–µ—Ä–∏—Ç–µ –ø–æ–¥—Ö–æ–¥—è—â–∏–π –≤–∞–º —Å—Ç–∞—Ü–∏–æ–Ω–∞—Ä–Ω—ã–π –∏–ª–∏ –ø–æ–≥—Ä—É–∂–Ω–æ–π –±–ª–µ–Ω–¥–µ—Ä, –∏—Å—Ö–æ–¥—è –∏–∑ –≤–∞—à–∏—Ö –∏–Ω–¥–∏–≤–∏–¥—É–∞–ª—å–Ω—ã—Ö –ø–æ—Ç—Ä–µ–±–Ω–æ—Å—Ç–µ–π. –ò —Å–æ–∑–¥–∞–≤–∞–π—Ç–µ —Ä–∞–∑–Ω–æ–æ–±—Ä–∞–∑–Ω—ã–µ –±–ª—é–¥–∞, –∫–æ—Ç–æ—Ä—ã–µ –æ—Ü–µ–Ω—è—Ç –≤–∞—à–∏ –±–ª–∏–∑–∫–∏–µ!
","2025-05-18T18:17:22.193432Z","2025-05-18T18:17:22.193432Z","1","unisex"
"c4d87ebd-5753-4440-b55c-153fd03895a7","91557DEBD5","–ë–ª–µ–Ω–¥–µ—Ä MSM-26230","Bosch","–ú–∏–∫—Å–µ—Ä—ã, –±–ª–µ–Ω–¥–µ—Ä—ã","990.00","","true","{""single_option"": {""stock"": 4}}","ba6f4ead-4d13-43a4-b8aa-572b697c3662","cb7e57cd-56ce-4f93-beee-d721d1be7f89","–ë–ª–µ–Ω–¥–µ—Ä Bosch MSM 26230 –≤ —á–µ—Ä–Ω–æ–º —Ü–≤–µ—Ç–µ —Å–æ—á–µ—Ç–∞–µ—Ç –≤ —Å–µ–±–µ —Å—Ç–∏–ª—å –∏ —Ñ—É–Ω–∫—Ü–∏–æ–Ω–∞–ª—å–Ω–æ—Å—Ç—å. –í –∫–æ–º–ø–ª–µ–∫—Ç–µ –ø—Ä–∏–ª–∞–≥–∞–µ—Ç—Å—è –¥–æ–ø–æ–ª–Ω–∏—Ç–µ–ª—å–Ω–∞—è –ø–æ–≥—Ä—É–∂–Ω–∞—è –Ω–∞—Å–∞–¥–∫–∞ –∏–∑ –ø–ª–∞—Å—Ç–∏–∫–∞ –¥–ª—è –º–∞–ª–µ–Ω—å–∫–∏—Ö –ø–æ—Ä—Ü–∏–π –∏–ª–∏ —Å–æ—É—Å–æ–≤.

–•–∞—Ä–∞–∫—Ç–µ—Ä–∏—Å—Ç–∏–∫–∏

–¢–∏–ø –±–ª–µ–Ω–¥–µ—Ä–∞: –ø–æ–≥—Ä—É–∂–Ω–æ–π
–°–µ—Ä–∏—è: CleverMixx
–¶–≤–µ—Ç: –ß–µ—Ä–Ω—ã–π
–ú–∞—Ç–µ—Ä–∏–∞–ª –∫–æ—Ä–ø—É—Å–∞: –ø–ª–∞—Å—Ç–∏–∫
–ú–∞—Ç–µ—Ä–∏–∞–ª –ø–æ–≥—Ä—É–∂–Ω–æ–π —á–∞—Å—Ç–∏: –Ω–µ—Ä–∂–∞–≤–µ—é—â–∞—è —Å—Ç–∞–ª—å
–ò–∑–º–µ–ª—å—á–∏—Ç–µ–ª—å: –µ—Å—Ç—å
–ú–∞—Ç–µ—Ä–∏–∞–ª —á–∞—à–∏ –∏–∑–º–µ–ª—å—á–∏—Ç–µ–ª—è / –∫—É–≤—à–∏–Ω–∞: –ø–ª–∞—Å—Ç–∏–∫
–ù–æ–∂ –±–ª–µ–Ω–¥–µ—Ä–∞: —Å 4 –ª–µ–∑–≤–∏—è–º–∏ QuattroBlade","2025-05-18T18:26:42.494758Z","2025-05-18T18:26:42.494758Z","1","unisex"
"a5b703a1-8064-43ba-87ae-d7e7fc9c1d0a","70F9A0EE57","–£—Ç—é–≥ —Å –ø–∞—Ä–æ–≥–µ–Ω–µ—Ä–∞—Ç–æ—Ä–æ–º GV9812","Tefal","–£—Ç—é–≥–∏","5440.00","","true","{""single_option"": {""stock"": 2}}","ca811d65-cf0e-4e79-9e92-57d0169ed3a7","d66dcd49-5b68-474e-8b10-575c968e4c3d","–ü–∞—Ä–æ–≥–µ–Ω–µ—Ä–∞—Ç–æ—Ä TEFAL PRO EXPRESS VISION —Å–æ—á–µ—Ç–∞–µ—Ç –Ω–µ–ø—Ä–µ–≤–∑–æ–π–¥–µ–Ω–Ω—É—é —Å–∏–ª—É –ø–∞—Ä–∞ –∏ —Å–º–∞—Ä—Ç-–¥–∏–∑–∞–π–Ω –¥–ª—è –∏–¥–µ–∞–ª—å–Ω–æ–≥–æ —Ä–µ–∑—É–ª—å—Ç–∞—Ç–∞—Ç–∞ –∫–∞–∂–¥—ã–π —Ä–∞–∑. –£–º–Ω–∞—è LED-–ø–æ–¥—Å–≤–µ—Ç–∫–∞ —É–ø—Ä–æ—â–∞–µ—Ç –ø—Ä–æ—Ü–µ—Å—Å –≥–ª–∞–∂–µ–Ω–∏—è, –≤—ã —É–≤–∏–¥–∏—Ç–µ –≤—Å–µ —Å–∫–ª–∞–¥–∫–∏ –Ω–∞ –æ–¥–µ–∂–¥–µ –¥–∞–∂–µ –ø—Ä–∏ —Å–ª–∞–±–æ–º –æ—Å–≤–µ—â–µ–Ω–∏–∏ –≤ –∫–æ–º–Ω–∞—Ç–µ. –¢–µ—Ö–Ω–æ–ª–æ–≥–∏—è —É–ª—å—Ç—Ä–∞–º–æ—â–Ω–æ–≥–æ –ø–∞—Ä–∞ —Å–¥–µ–ª–∞–µ—Ç –ø—Ä–æ—Ü–µ—Å—Å –≥–ª–∞–∂–µ–Ω–∏—è –º–∞–∫—Å–∏–º–∞–ª—å–Ω–æ —ç—Ñ—Ñ–µ–∫—Ç–∏–≤–Ω—ã–º.

–•–∞—Ä–∞–∫—Ç–µ—Ä–∏—Å—Ç–∏–∫–∏:

–î–∞–≤–ª–µ–Ω–∏–µ –ø–∞—Ä–∞: 8,1 –±–∞—Ä
–†–µ–∑–µ—Ä–≤—É–∞—Ä –¥–ª—è –≤–æ–¥—ã: 1,2 –ª
–ú–æ—â–Ω–æ—Å—Ç—å: 2200 –í—Ç
–ü–∞—Ä–æ–≤–æ–π —É–¥–∞—Ä: 700 –≥/–º–∏–Ω
–ú–∞—Ç–µ—Ä–∏–∞–ª –ø–æ–¥–æ—à–≤—ã: Durilium Airglide Autoclean Ultra-thin
–ü–æ–¥–∞—á–∞ –ø–∞—Ä–∞: 180 –≥/–º–∏–Ω
–§–∏–∫—Å–∞—Ç–æ—Ä —É—Ç—é–≥–∞: –î–∞
–£–º–Ω–∞—è LED-–ø–æ–¥—Å–≤–µ—Ç–∫–∞ –∑–æ–Ω—ã –≥–ª–∞–∂–µ–Ω–∏—è: –î–∞
–ö–æ–ª–ª–µ–∫—Ç–æ—Ä –æ—Ç –Ω–∞–∫–∏–ø–∏: –î–∞
","2025-05-18T17:56:17.262932Z","2025-05-18T17:56:17.262932Z","10","unisex"
"dd6a230b-3028-462c-ad34-db8a588b223f","F51897D8F4","–ú–∏–∫—Å–µ—Ä HM 1070","Braun","–ú–∏–∫—Å–µ—Ä—ã, –±–ª–µ–Ω–¥–µ—Ä—ã","950.00","","true","{""single_option"": {""stock"": 3}}","b53af3e0-d1b6-4552-b012-afd2c42c9e28","cb7e57cd-56ce-4f93-beee-d721d1be7f89","–ú–∏–∫—Å–µ—Ä Braun HM1070WH –ø—Ä–µ–¥—Å—Ç–∞–≤–ª—è–µ—Ç —Å–æ–±–æ–π –¥–æ–º–∞—à–Ω–µ–≥–æ –∞—Å—Å–∏—Å—Ç–µ–Ω—Ç–∞, –∫–æ—Ç–æ—Ä–æ–º—É –≤—ã —Å –ª–µ–≥–∫–æ—Å—Ç—å—é –¥–æ–≤–µ—Ä–∏—Ç–µ –ø—Ä–∏–≥–æ—Ç–æ–≤–ª–µ–Ω–∏–µ —Ä–∞–∑–ª–∏—á–Ω—ã—Ö —Å–æ—É—Å–æ–≤, –Ω–∞—á–∏–Ω–æ–∫, –ª–µ–≥–∫–∏—Ö –¥–µ—Å–µ—Ä—Ç–æ–≤ –∏ –ø—ã—à–Ω–æ–≥–æ —Ç–µ—Å—Ç–∞. –ü—Ä–µ–¥—Å—Ç–∞–≤–ª–µ–Ω–Ω–∞—è –º–æ–¥–µ–ª—å –∫–æ–º–ø–ª–µ–∫—Ç—É–µ—Ç—Å—è 3-–ª–∏—Ç—Ä–æ–≤–æ–π —á–∞—à–µ–π, –≤—ã–ø–æ–ª–Ω–µ–Ω–Ω–æ–π –Ω–∞ –æ—Å–Ω–æ–≤–µ –±–µ–∑–æ–ø–∞—Å–Ω–æ–≥–æ –¥–ª—è –∑–¥–æ—Ä–æ–≤—å—è –ø–ª–∞—Å—Ç–∏–∫–∞. –ü–æ–¥–æ–≤–æ–º—É –º–∞—Ç–µ—Ä–∏–∞–ª—É –Ω–µ —Å–≤–æ–π—Å—Ç–≤–µ–Ω–Ω–æ –≤—ã–¥–µ–ª–µ–Ω–∏–µ —Ç–µ—Ö –∏–ª–∏ –∏–Ω—ã—Ö —Å–æ–µ–¥–∏–Ω–µ–Ω–∏–π, –∞ —Ç–∞–∫–∂–µ –≤–æ–∑–¥–µ–π—Å—Ç–≤–∏–µ –Ω–∞ –≤–∫—É—Å–æ–≤—ã–µ —Å–≤–æ–π—Å—Ç–≤–∞ –ø—Ä–æ–¥—É–∫—Ç–æ–≤.
–ú–∏–∫—Å–µ—Ä Braun HM1070WH –ø—Ä–µ–¥–ª–∞–≥–∞–µ—Ç –ø–æ–≤–∞—Ä–∞–º –≤–æ–∑–º–æ–∂–Ω–æ—Å—Ç—å –≤—ã–±–æ—Ä–∞ —Å—Ä–µ–¥–∏ 4 —Ä–∞–∑–ª–∏—á–Ω—ã—Ö —Ä–µ–∂–∏–º–æ–≤. –ß—Ç–æ–±—ã –≤–∑–±–∏—Ç—å —Ç–µ –∏–ª–∏ –∏–Ω—ã–µ –∏–Ω–≥—Ä–µ–¥–∏–µ–Ω—Ç—ã –¥–ª—è –æ–º–ª–µ—Ç–∞, –∑–∞–ø–µ–∫–∞–Ω–æ–∫, –¥–æ–º–∞—à–Ω–∏—Ö —Å—ã—Ä–Ω–∏–∫–æ–≤, –Ω–µ –ø—Ä–∏–¥–µ—Ç—Å—è —Ä–∞—Å—Ö–æ–¥–æ–≤–∞—Ç—å —É–π–º—É –≤—Ä–µ–º–µ–Ω–∏ ‚Äì –ø–æ—Ç—Ä–µ–±—É–µ—Ç—Å—è –ª–∏—à—å —É—Å—Ç–∞–Ω–æ–≤–∏—Ç—å –Ω–∞—Å–∞–¥–∫—É-–≤–µ–Ω—á–∏–∫. –ù–µ–ø—Ä–µ—Ä—ã–≤–Ω–æ–µ –≤—Ä–∞—â–µ–Ω–∏–µ –æ—Å–Ω–æ–≤–Ω–æ–π –µ–º–∫–æ—Å—Ç–∏ —Å–ø–æ—Å–æ–±—Å—Ç–≤—É–µ—Ç –±–æ–ª–µ–µ —Ç—â–∞—Ç–µ–ª—å–Ω–æ–º—É –∏ –¥–µ–ª–∏–∫–∞—Ç–Ω–æ–º—É –ø–µ—Ä–µ–º–µ—à–∏–≤–∞–Ω–∏—é –ø—Ä–æ–¥—É–∫—Ç–æ–≤. –î–ª—è –∑–Ω–∞—á–∏—Ç–µ–ª—å–Ω–æ–≥–æ –ø–æ–≤—ã—à–µ–Ω–∏—è –º–æ—â–Ω–æ—Å—Ç–∏ –∫—É—Ö–æ–Ω–Ω–æ–≥–æ –ø–æ–º–æ—â–Ω–∏–∫–∞ –¥–æ—Å—Ç–∞—Ç–æ—á–Ω–æ –∞–∫—Ç–∏–≤–∏—Ä–æ–≤–∞—Ç—å —Ç—É—Ä–±–æ—Ä–µ–∂–∏–º.

–ú–∞–∫—Å–∏–º–∞–ª—å–Ω–∞—è –º–æ—â–Ω–æ—Å—Ç—å: 400 –í—Ç
–û–±—ä–µ–º —á–∞—à–∏: 3–ª
–ú–∞—Ç–µ—Ä–∏–∞–ª —á–∞—à–∏: –ø–ª–∞—Å—Ç–∏–∫
–ú–∞—Ç–µ—Ä–∏–∞–ª –∫–æ—Ä–ø—É—Å–∞: –º–µ—Ç–∞–ª–ª, –ø–ª–∞—Å—Ç–∏–∫
–ö–Ω–æ–ø–∫–∞ –æ—Ç—Å–æ–µ–¥–∏–Ω–µ–Ω–∏—è –Ω–∞—Å–∞–¥–æ–∫: –µ—Å—Ç—å
–ù–∞–ø—Ä—è–∂–µ–Ω–∏–µ –ø–∏—Ç–∞–Ω–∏—è: 220-240–í/50-60–ì—Ü
","2025-05-18T17:15:00.082998Z","2025-05-18T17:15:00.082998Z","5","unisex"
"099faf7c-37a5-49b3-b279-430e10e4dab5","B1759771E0","–°–æ–∫–æ–≤—ã–∂–∏–º–∞–ª–∫–∞ CJ 301","Braun","–°–æ–∫–æ–≤—ã–∂–∏–º–∞–ª–∫–∏","660.00","","true","{""single_option"": {""stock"": 2}}","b53af3e0-d1b6-4552-b012-afd2c42c9e28","249192da-5e35-4ba1-ab99-0ed4bb75c9eb","–í—ã–±–∏—Ä–∞–π—Ç–µ –∑–¥–æ—Ä–æ–≤—ã–π –æ–±—Ä–∞–∑ –∂–∏–∑–Ω–∏ –∏ –Ω–∞—á–∏–Ω–∞–π—Ç–µ —Å–≤–æ–µ —É—Ç—Ä–æ —Å –ø–æ–ª—É—á–µ–Ω–∏—è –ø–æ–ª–µ–∑–Ω—ã—Ö –≤–µ—â–µ—Å—Ç–≤ —Å –ø–æ–º–æ—â—å—é —Å–≤–µ–∂–µ–≤—ã–∂–∞—Ç—ã—Ö —Å–æ–∫–æ–≤ –∏ –Ω–∞–ø–∏—Ç–∫–æ–≤, –ø—Ä–∏–≥–æ—Ç–æ–≤–ª–µ–Ω–Ω—ã—Ö —Å –ø–æ–º–æ—â—å—é –≤–∞—à–µ–π –Ω–æ–≤–æ–π —Å–æ–∫–æ–≤—ã–∂–∏–º–∞–ª–∫–∏ –º–µ–¥–ª–µ–Ω–Ω–æ–≥–æ –æ—Ç–∂–∏–º–∞. –ë–ª–∞–≥–æ–¥–∞—Ä—è —Å–∏—Å—Ç–µ–º–µ –º–µ–¥–ª–µ–Ω–Ω–æ–≥–æ –æ—Ç–∂–∏–º–∞ –≤—ã –ø–æ–ª—É—á–∏—Ç–µ –º–∞–∫—Å–∏–º—É–º –ø–æ–ª—å–∑—ã –æ—Ç –≤—ã–±—Ä–∞–Ω–Ω—ã—Ö –≤–∞–º–∏ —Ñ—Ä—É–∫—Ç–æ–≤ –∏ –æ–≤–æ—â–µ–π. –û–Ω–∞ –ø–æ–∑–≤–æ–ª—è–µ—Ç –±–µ–∑–æ–ø–∞—Å–Ω–æ –∏ –ø—Ä–æ—Å—Ç–æ –≥–æ—Ç–æ–≤–∏—Ç—å –≤–∫—É—Å–Ω—ã–π –∏ –ø–æ–ª–µ–∑–Ω—ã–π —Å–≤–µ–∂–µ–≤—ã–∂–∞—Ç—ã–π —Å–æ–∫ —Å –≤—ã—Å–æ–∫–æ–π —Å—Ç–µ–ø–µ–Ω—å—é –∏–∑–≤–ª–µ—á–µ–Ω–∏—è - –¥–æ 80%, –æ—Å–Ω–∞—â–µ–Ω–∞ —Ç—Ä—É–±–∫–æ–π –¥–ª—è –ø–æ–¥–∞—á–∏ —Ñ—Ä—É–∫—Ç–æ–≤ –∏ –æ–≤–æ—â–µ–π –∏ –º–æ—â–Ω—ã–º –¥–≤–∏–≥–∞—Ç–µ–ª–µ–º –Ω–æ–≤–æ–≥–æ –ø–æ–∫–æ–ª–µ–Ω–∏—è. –°–æ—Ö—Ä–∞–Ω—è–µ—Ç –≤—Å–µ –ø–∏—Ç–∞—Ç–µ–ª—å–Ω—ã–µ –≤–µ—â–µ—Å—Ç–≤–∞, –≤–∏—Ç–∞–º–∏–Ω—ã –∏ —Ñ–µ—Ä–º–µ–Ω—Ç—ã –≤ –∏—Ö –µ—Å—Ç–µ—Å—Ç–≤–µ–Ω–Ω–æ–º –≤–∏–¥–µ, –±–ª–∞–≥–æ–¥–∞—Ä—è —á–µ–º—É –ø–æ–ª—É—á–∞–µ—Ç—Å—è –ø–∏—Ç–∞—Ç–µ–ª—å–Ω–∞—è –∏ –æ—Å–≤–µ–∂–∞—é—â–∞—è —Å–º–µ—Å—å.

* –ü—Ä–µ—Å—Å-–∫–æ–Ω—É—Å, –∫–æ—Ç–æ—Ä—ã–π –ø–æ–æ—á–µ—Ä–µ–¥–Ω–æ –ø–æ–≤–æ—Ä–∞—á–∏–≤–∞–µ—Ç—Å—è –≤–ª–µ–≤–æ –∏ –≤–ø—Ä–∞–≤–æ –¥–ª—è –æ—Å–æ–±–µ–Ω–Ω–æ —Ç—â–∞—Ç–µ–ª—å–Ω–æ–≥–æ –∏–∑–≤–ª–µ—á–µ–Ω–∏—è —Å–æ–∫–∞
* –ö–æ–Ω—Ç–µ–π–Ω–µ—Ä –¥–ª—è –º—è–∫–æ—Ç–∏ –±–æ–ª—å—à–æ–π –µ–º–∫–æ—Å—Ç–∏ –ø–æ–∑–≤–æ–ª—è–µ—Ç –≤—ã–∂–∞—Ç—å –¥–æ—Å—Ç–∞—Ç–æ—á–Ω–æ–µ –∫–æ–ª–∏—á–µ—Å—Ç–≤–æ —Å–æ–∫–∞ –∑–∞ –æ–¥–∏–Ω –ø—Ä–∏–µ–º
* –ù–æ—Å–∏–∫ –¥–ª—è –ø—Ä–µ–¥–æ—Ç–≤—Ä–∞—â–µ–Ω–∏—è –ø–æ–ø–∞–¥–∞–Ω–∏—è —Å–æ–∫–∞ –Ω–∞ —Å—Ç–æ–ª
* –ü—Ä–æ—á–Ω–∞—è –º–µ—Ç–∞–ª–ª–∏—á–µ—Å–∫–∞—è –Ω–∞—Å–∞–¥–∫–∞ –Ω–∞–¥–µ–∂–Ω–æ —É–¥–µ—Ä–∂–∏–≤–∞–µ—Ç —Ñ—Ä—É–∫—Ç—ã –Ω–∞ –º–µ—Å—Ç–µ –∏ –ø–æ–∑–≤–æ–ª—è–µ—Ç –±–æ–ª–µ–µ —ç—Ñ—Ñ–µ–∫—Ç–∏–≤–Ω–æ –≤—ã–∂–∏–º–∞—Ç—å —Å–æ–∫
* –ü–ª–æ—Ç–Ω–æ —Ñ–∏–∫—Å–∏—Ä—É–µ—Ç –¥–µ—Ç–∞–ª–∏ —Å–æ–∫–æ–≤—ã–∂–∏–º–∞–ª–∫–∏, —á—Ç–æ–±—ã –æ–Ω–∞ –Ω–µ –¥–≤–∏–≥–∞–ª–∞—Å—å –≤–æ –≤—Ä–µ–º—è –ø—Ä–∏–≥–æ—Ç–æ–≤–ª–µ–Ω–∏—è —Å–æ–∫–∞


–£—Å—Ç–∞–Ω–æ–≤–∫–∞ ‚Äî –Ω–∞—Å—Ç–æ–ª—å–Ω–∞—è
–¶–≤–µ—Ç ‚Äî –±–µ–ª—ã–π
–î–ª–∏–Ω–∞ –∏–∑–¥–µ–ª–∏—è ‚Äî 15,1 —Å–º
–í—ã—Å–æ—Ç–∞ –∏–∑–¥–µ–ª–∏—è ‚Äî 26,8 —Å–º
–®–∏—Ä–∏–Ω–∞ –∏–∑–¥–µ–ª–∏—è ‚Äî 20,6 —Å–º
–û–±—ä–µ–º ‚Äî 1 –ª
–ú–æ—â–Ω–æ—Å—Ç—å ‚Äî 20 –í—Ç
–ù–æ–º–µ—Ä –º–æ–¥–µ–ª–∏ ‚Äî CJ301","2025-05-18T16:31:13.229003Z","2025-05-18T16:31:13.229003Z","1","unisex"
"b22a49b4-403b-46f5-bf10-51a6752288c4","BBF94FB0FD","–£—Ç—é–≥ FV5715","Tefal","–£—Ç—é–≥–∏","850.00","","true","{""single_option"": {""stock"": 1}}","ca811d65-cf0e-4e79-9e92-57d0169ed3a7","d66dcd49-5b68-474e-8b10-575c968e4c3d","–£—Ç—é–≥ Easygliss Plus —Å–¥–µ–ª–∞–µ—Ç –∫–∞–∂–¥–æ–µ –≥–ª–∞–∂–µ–Ω–∏–µ –±—ã—Å—Ç—Ä—ã–º –∏ –ª–µ–≥–∫–∏–º –±–ª–∞–≥–æ–¥–∞—Ä—è —É–ª—å—Ç—Ä–∞—Ç–æ–Ω–∫–æ–π –ø–æ–¥–æ—à–≤–µ Durilium Airglide, –∫–æ—Ç–æ—Ä–∞—è –∏–¥–µ–∞–ª—å–Ω–æ —Å–∫–æ–ª—å–∑–∏—Ç –ø–æ –ª—é–±–æ–º—É —Ç–∏–ø—É —Ç–∫–∞–Ω–∏, –∏ –≤—ã—Å–æ–∫–æ–π –º–æ—â–Ω–æ—Å—Ç–∏ 2400 –í—Ç, –±–ª–∞–≥–æ–¥–∞—Ä—è –∫–æ—Ç–æ—Ä–æ–π —É—Ç—é–≥ —Ä–∞–∑–æ–≥—Ä–µ–≤–∞–µ—Ç—Å—è –∑–∞ —Å—á–∏—Ç–∞–Ω–Ω—ã–µ —Å–µ–∫—É–Ω–¥—ã. –ú–æ—â–Ω–æ—Å—Ç—å –ø–æ—Å—Ç–æ—è–Ω–Ω–æ–≥–æ –ø–∞—Ä–∞ –¥–æ—Å—Ç–∏–≥–∞–µ—Ç 45 –≥/–º–∏–Ω, –ø–æ–∑–≤–æ–ª—è—è —ç—Ñ—Ñ–µ–∫—Ç–∏–≤–Ω–æ –≥–ª–∞–¥–∏—Ç—å –≤–∞—à–∏ –≤–µ—â–∏, –∞ –ø–∞—Ä–æ–≤–æ–π —É–¥–∞—Ä –¥–æ 190 –≥/–º–∏–Ω –ø–æ–º–æ–≥–∞–µ—Ç —É–¥–∞–ª–∏—Ç—å —Å–∞–º—ã–µ —Å—Ç–æ–π–∫–∏–µ —Å–∫–ª–∞–¥–∫–∏. –£—Ç—é–≥ –≤—ã–ø–æ–ª–Ω–µ–Ω –≤ –ø—Ä–∞–∫—Ç–∏—á–Ω–æ–º –¥–∏–∑–∞–π–Ω–µ —Å —É–¥–æ–±–Ω—ã–º —Ä–∞—Å–ø–æ–ª–æ–∂–µ–Ω–∏–µ–º –æ—Ç–≤–µ—Ä—Å—Ç–∏—è –¥–ª—è –Ω–∞–ø–æ–ª–Ω–µ–Ω–∏—è —Ä–µ–∑–µ—Ä–≤—É–∞—Ä–∞ –¥–ª—è –≤–æ–¥—ã, –æ—Å–Ω–∞—â–µ–Ω —Å–∏—Å—Ç–µ–º–æ–π ¬´–ö–∞–ø–ª—è-—Å—Ç–æ–ø¬ª, –∫–æ—Ç–æ—Ä–∞—è –ø—Ä–µ–¥–æ—Ç–≤—Ä–∞—â–∞–µ—Ç –ø–æ–ø–∞–¥–∞–Ω–∏–µ –∫–∞–ø–µ–ª—å –≤–æ–¥—ã –Ω–∞ —Ç–∫–∞–Ω–∏ –≤–æ –≤—Ä–µ–º—è –≥–ª–∞–∂–µ–Ω–∏—è, –∏ –∏–º–µ–µ—Ç –∞–∫—Ç–∏–≤–Ω—ã–µ –ø–∞—Ä–æ–≤—ã–µ –æ—Ç–≤–µ—Ä—Å—Ç–∏—è –ø–æ –≤—Å–µ–π –ø–æ–≤–µ—Ä—Ö–Ω–æ—Å—Ç–∏ –ø–æ–¥–æ—à–≤—ã, –∫–æ—Ç–æ—Ä—ã–µ –æ–±–µ—Å–ø–µ—á–∏–≤–∞—é—Ç –º–∞–∫—Å–∏–º–∞–ª—å–Ω–æ–µ —Ä–∞—Å–ø—Ä–µ–¥–µ–ª–µ–Ω–∏–µ –ø–∞—Ä–∞.

–•–∞—Ä–∞–∫—Ç–µ—Ä–∏—Å—Ç–∏–∫–∏:

–ú–æ—â–Ω–æ—Å—Ç—å: 2400 –í—Ç
–ü–∞—Ä–æ–≤–æ–π —É–¥–∞—Ä: 190 –≥/–º–∏–Ω
–ú–∞—Ç–µ—Ä–∏–∞–ª –ø–æ–¥–æ—à–≤—ã: Durilium Airglide
–ü–æ–¥–∞—á–∞ –ø–∞—Ä–∞: 45 –≥/–º–∏–Ω
–ê–≤—Ç–æ–æ—Ç–∫–ª—é—á–µ–Ω–∏–µ: –ù–µ—Ç
–°–∏—Å—Ç–µ–º–∞ —Å–∞–º–æ–æ—á–∏—Å—Ç–∫–∏
–ü—Ä–æ—Ç–∏–≤–æ–∫–∞–ø–µ–ª—å–Ω–∞—è —Å–∏—Å—Ç–µ–º–∞: –î–∞","2025-05-18T17:56:17.262932Z","2025-05-18T17:56:17.262932Z","8","unisex"
"6145da4e-e6ff-43cf-b540-98a20be6330b","CA3636BCE8","–≠–ª–µ–∫—Ç—Ä–∏—á–µ—Å–∫–∏–π —á–∞–π–Ω–∏–∫ KO2601","Tefal","–≠–ª–µ–∫—Ç—Ä–∏—á–µ—Å–∫–∏–µ —á–∞–π–Ω–∏–∫–∏","730.00","","true","{""single_option"": {""stock"": 5}}","ca811d65-cf0e-4e79-9e92-57d0169ed3a7","362609f6-ee1b-4677-9695-2372689fd2b0","–§—É–Ω–∫—Ü–∏–æ–Ω–∞–ª—å–Ω—ã–π –∏ —Å—Ç–∏–ª—å–Ω—ã–π —ç–ª–µ–∫—Ç—Ä–æ—á–∞–π–Ω–∏–∫ Tefal KO2601 –±–µ–ª–æ–≥–æ —Ü–≤–µ—Ç–∞ –æ–±–ª–∞–¥–∞–µ—Ç –¥–æ–≤–æ–ª—å–Ω–æ –≤—ã—Å–æ–∫–æ–π –º–æ—â–Ω–æ—Å—Ç—å—é (2150 –í—Ç). –í–æ–¥–∞ –≤ –Ω–µ–º –∑–∞–∫–∏–ø–∞–µ—Ç –∑–∞ —Å—á–∏—Ç–∞–Ω–Ω—ã–µ –º–∏–Ω—É—Ç—ã –∏ –º–æ–∂–µ—Ç –¥–æ–ª–≥–æ –æ—Å—Ç–∞–≤–∞—Ç—å—Å—è –≥–æ—Ä—è—á–µ–π –±–ª–∞–≥–æ–¥–∞—Ä—è –æ—Å–æ–±–µ–Ω–Ω–æ—Å—Ç—è–º –∫–æ–Ω—Å—Ç—Ä—É–∫—Ü–∏–∏. –í —á–∞–π–Ω–∏–∫–µ –ø—Ä–µ–¥—É—Å–º–æ—Ç—Ä–µ–Ω–∞ –≤–Ω—É—Ç—Ä–µ–Ω–Ω—è—è –∫–æ–ª–±–∞ –∏–∑ –Ω–µ—Ä–∂–∞–≤–µ—é—â–µ–π —Å—Ç–∞–ª–∏, –∑–∞–∫–ª—é—á–µ–Ω–Ω–∞—è –≤ –∫–æ—Ä–ø—É—Å –∏–∑ –ø–ª–∞—Å—Ç–∏–∫–∞, —á—Ç–æ –æ–±–µ—Å–ø–µ—á–∏–≤–∞–µ—Ç ¬´—ç—Ñ—Ñ–µ–∫—Ç —Ç–µ—Ä–º–æ—Å–∞¬ª. –ü—Ä–∏ —ç—Ç–æ–º –∫–æ–Ω—Å—Ç—Ä—É–∫—Ü–∏—è —á–∞–π–Ω–∏–∫–∞ –¥–æ–≤–æ–ª—å–Ω–æ —ç—Ä–≥–æ–Ω–æ–º–∏—á–Ω–∞—è, —á—Ç–æ –¥–µ–ª–∞–µ—Ç –µ–≥–æ –ø–æ–≤—Å–µ–¥–Ω–µ–≤–Ω–æ–µ –∏—Å–ø–æ–ª—å–∑–æ–≤–∞–Ω–∏–µ –æ—á–µ–Ω—å –∫–æ–º—Ñ–æ—Ä—Ç–Ω—ã–º. –ï—Å—Ç—å —à–∫–∞–ª–∞ —É—Ä–æ–≤–Ω—è –≤–æ–¥—ã, —á—Ç–æ–±—ã —Ç–æ—á–Ω–æ –∑–∞–ø–æ–ª–Ω—è—Ç—å —á–∞–π–Ω–∏–∫ –ø—Ä–∏ –Ω–µ–æ–±—Ö–æ–¥–∏–º–æ—Å—Ç–∏.

–•–∞—Ä–∞–∫—Ç–µ—Ä–∏—Å—Ç–∏–∫–∏:

–ú–∞—Ç–µ—Ä–∏–∞–ª –∫–æ—Ä–ø—É—Å–∞: –ü–ª–∞—Å—Ç–∏–∫
–ú–æ—â–Ω–æ—Å—Ç—å: 2150 –í—Ç
–û–±—ä–µ–º: 1.7 –ª
–ó–∞—â–∏—Ç–∞ –æ—Ç –æ–∂–æ–≥–æ–≤: –î–≤–æ–π–Ω—ã–µ —Å—Ç–µ–Ω–∫–∏","2025-05-18T17:56:17.262932Z","2025-05-18T17:56:17.262932Z","4","unisex"
"4d5f55e2-a2d5-448b-ad74-18991b466b5e","410DCD35EB","–ö—É—Ö–æ–Ω–Ω—ã–π –∫–æ–º–±–∞–π–Ω FDM71","Kenwood","–ö–æ–º–±–∞–π–Ω—ã","5850.00","","true","{""single_option"": {""stock"": 1}}","bb4fe62f-3ed0-4879-9adf-3229c3d16d54","71c95a50-83e0-49c6-b88d-ab633a0528f3","–û—Å–≤–µ–∂–∏—Ç–µ —Å–≤–æ–π –æ–ø—ã—Ç –ø—Ä–∏–≥–æ—Ç–æ–≤–ª–µ–Ω–∏—è –ø–∏—â–∏ —Å Kenwood Multipro Express Weigh+ ‚Äî 7-–≤-1 –∫—É—Ö–æ–Ω–Ω—ã–º –∫–æ–º–±–∞–π–Ω–æ–º, –∫–æ—Ç–æ—Ä—ã–π —Å—Ç–∞–Ω–µ—Ç –≤–∞—à–∏–º –≤–µ—Ä–Ω—ã–º –ø–æ–º–æ—â–Ω–∏–∫–æ–º –≤ –∫—É—Ö–Ω–µ.

–° –∏–Ω—Ç–µ–≥—Ä–∏—Ä–æ–≤–∞–Ω–Ω—ã–º–∏ —Ü–∏—Ñ—Ä–æ–≤—ã–º–∏ –≤–µ—Å–∞–º–∏, —É–Ω–∏–∫–∞–ª—å–Ω—ã–º–∏ –¥–ª—è Kenwood, –∏—Å—Å–ª–µ–¥—É–π—Ç–µ –º–∏—Ä –∫—É–ª–∏–Ω–∞—Ä–∏–∏ –±–µ–∑ –ª–∏—à–Ω–∏—Ö —Ö–ª–æ–ø–æ—Ç. –ü–µ—Ä–µ–∫–ª—é—á–∞–π—Ç–µ—Å—å –º–µ–∂–¥—É –≥—Ä–∞–º–º–∞–º–∏ –∏ —É–Ω—Ü–∏—è–º–∏, –≤–∑–≤–µ—à–∏–≤–∞–π—Ç–µ –ø—Ä—è–º–æ –≤ —á–∞—à–µ –∏–ª–∏ –∫–∞–∫ –∞–≤—Ç–æ–Ω–æ–º–Ω—ã–π –≤–µ—Å. –¢–∞–∫–∂–µ, –±–ª–∞–≥–æ–¥–∞—Ä—è –∑–∞–ø–∞—Ç–µ–Ω—Ç–æ–≤–∞–Ω–Ω–æ–π —Ç–µ—Ö–Ω–æ–ª–æ–≥–∏–∏ —ç–∫—Å–ø—Ä–µ—Å—Å-—Å–µ—Ä–≤–∏—Ä–æ–≤–∫–∏, –≥–æ—Ç–æ–≤—å—Ç–µ, –Ω–µ –∑–∞–º–∞—Ä–∞—á–∏–≤–∞—è—Å—å —Å –º—ã—Ç—å–µ–º –¥–æ–ø–æ–ª–Ω–∏—Ç–µ–ª—å–Ω–æ–π –ø–æ—Å—É–¥—ã.

Kenwood Multipro Express Weigh+ ‚Äî –Ω–∞–≤–∏–≥–∞—Ç–æ—Ä –≤ –º–∏—Ä–µ –∫—É–ª–∏–Ω–∞—Ä–∏–∏, –≥–¥–µ –∏–Ω–Ω–æ–≤–∞—Ü–∏–∏ –≤—Å—Ç—Ä–µ—á–∞—é—Ç—Å—è —Å —Ñ—É–Ω–∫—Ü–∏–æ–Ω–∞–ª—å–Ω–æ—Å—Ç—å—é. –û—Å–≤–µ–∂–∏—Ç–µ —Å–≤–æ–π —Å—Ç–∏–ª—å –≥–æ—Ç–æ–≤–∫–∏ —Å–µ–≥–æ–¥–Ω—è!

–•–∞—Ä–∞–∫—Ç–µ—Ä–∏—Å—Ç–∏–∫–∏:

–°—Ç—Ä–∞–Ω–∞-–∏–∑–≥–æ—Ç–æ–≤–∏—Ç–µ–ª—å: –í–µ–ª–∏–∫–æ–±—Ä–∏—Ç–∞–Ω–∏—è
–°–∏—Å—Ç–µ–º—ã –∑–∞—â–∏—Ç—ã: –ó–∞—â–∏—Ç–∞ –æ—Ç –ø–µ—Ä–µ–≥—Ä–µ–≤–∞
–ú–æ—â–Ω–æ—Å—Ç—å, –í—Ç: 1000
–ú–∞—Ç–µ—Ä–∏–∞–ª –∫–æ—Ä–ø—É—Å–∞: –ú–µ—Ç–∞–ª–ª, –ü–ª–∞—Å—Ç–∏–∫
–û–±—ä–µ–º —á–∞—à–∏: 3–ª
–¶–≤–µ—Ç: –°–µ—Ä–µ–±—Ä–∏—Å—Ç—ã–π
","2025-05-18T17:42:38.07203Z","2025-05-18T17:42:38.07203Z","7","unisex"
"8d2ff69d-0f9e-4a68-91ac-638be14a4205","C6B03C4DCC","–§–µ–Ω –¥–ª—è –≤–æ–ª–æ—Å HD 130","Braun","–§–µ–Ω—ã –¥–ª—è –≤–æ–ª–æ—Å","670.00","","true","{""single_option"": {""stock"": 6}}","b53af3e0-d1b6-4552-b012-afd2c42c9e28","ef56b400-95cc-4656-a7ca-04a50fd288a7","–§–µ–Ω Satin Hair Style&Go. –ü—É—Ç–µ—à–µ—Å—Ç–≤—É–π—Ç–µ —Å–æ —Å—Ç–∏–ª–µ–º. –≠—Ç–æ—Ç —Å–∫–ª–∞–¥–Ω–æ–π –¥–æ—Ä–æ–∂–Ω—ã–π —Ñ–µ–Ω –ª–µ–≥–∫–æ —É–ø–∞–∫–æ–≤—ã–≤–∞–µ—Ç—Å—è –∏ –ø–æ-–Ω–∞—Å—Ç–æ—è—â–µ–º—É –∫–æ–º–ø–∞–∫—Ç–µ–Ω. –û–Ω –¥–∞–µ—Ç —Å–≤–æ–±–æ–¥—É —Å—É—à–∏—Ç—å –∏ —É–∫–ª–∞–¥—ã–≤–∞—Ç—å –≤–æ–ª–æ—Å—ã –≤ –ª—é–±–æ–µ –≤—Ä–µ–º—è –∏ –≤ –ª—é–±–æ–º –º–µ—Å—Ç–µ. –î–≤–∞ —Ç–µ–º–ø–µ—Ä–∞—Ç—É—Ä–Ω—ã—Ö —Ä–µ–∂–∏–º–∞ –ø–æ–∑–≤–æ–ª—è—é—Ç –¥–æ–±–∏–≤–∞—Ç—å—Å—è –æ—Ç–ª–∏—á–Ω—ã—Ö —Ä–µ–∑—É–ª—å—Ç–∞—Ç–æ–≤ –±–µ–∑ —É—â–µ—Ä–±–∞ –∑–¥–æ—Ä–æ–≤—å—é –≤–æ–ª–æ—Å, –∞ —Å–∫–ª–∞–¥–Ω–∞—è —Ä—É—á–∫–∞ –¥–µ–ª–∞–µ—Ç —Ñ–µ–Ω —ç–∫—Å—Ç—Ä–∞–∫–æ–º–ø–∞–∫—Ç–Ω—ã–º, —É–¥–æ–±–Ω—ã–º –¥–ª—è —Ö—Ä–∞–Ω–µ–Ω–∏—è –∏ –ø–µ—Ä–µ–≤–æ–∑–∫–∏, –ø—Ä–∏ —ç—Ç–æ–º –Ω–µ –≤–ª–∏—è—è –Ω–∞ –º–æ—â–Ω–æ—Å—Ç—å —Ñ–µ–Ω–∞.

–•–∞—Ä–∞–∫—Ç–µ—Ä–∏—Å—Ç–∏–∫–∏:

–ö–æ–ª–∏—á–µ—Å—Ç–≤–æ —Å–∫–æ—Ä–æ—Å—Ç–µ–π:	1
–°–∏—Å—Ç–µ–º–∞ –∏–Ω—Ñ—Ä–∞–∫—Ä–∞—Å–Ω–æ–≥–æ –Ω–∞–≥—Ä–µ–≤–∞:	+
–ö–æ–ª–∏—á–µ—Å—Ç–≤–æ —Ç–µ–º–ø–µ—Ä–∞—Ç—É—Ä–Ω—ã—Ö —Ä–µ–∂–∏–º–æ–≤:	2
–ù–µ–∑–∞–≤–∏—Å–∏–º–∞—è —Ä–µ–≥—É–ª–∏—Ä–æ–≤–∫–∞ —Ä–µ–∂–∏–º–æ–≤:	+

–ö–æ–º–ø–ª–µ–∫—Ç–∞—Ü–∏—è:

–ù–∞—Å–∞–¥–æ–∫ –≤ –∫–æ–º–ø–ª–µ–∫—Ç–µ:	1
–ü—Ä–æ—Ñ–µ—Å—Å–∏–æ–Ω–∞–ª—å–Ω–∞—è –Ω–∞—Å–∞–¥–∫–∞ - –∫–æ–Ω—Ü–µ–Ω—Ç—Ä–∞—Ç–æ—Ä:	+
","2025-05-18T17:28:25.995157Z","2025-05-18T17:28:25.995157Z","4","unisex"
"0d05ef91-c55a-4f40-9f08-59a2bf479651","E1D81B9127","–¢—Ä–∏–º–º–µ—Ä —É–Ω–∏–≤–µ—Ä—Å–∞–ª—å–Ω—ã–π MGK 5260","Braun","–¢—Ä–∏–º–º–µ—Ä—ã, —ç–ø–∏–ª—è—Ç–æ—Ä—ã","860.00","","true","{""single_option"": {""stock"": 3}}","b53af3e0-d1b6-4552-b012-afd2c42c9e28","722165bd-7d1d-4c4b-97fc-82fdbdf0a2cd","–£–Ω–∏–≤–µ—Ä—Å–∞–ª—å–Ω—ã–µ –Ω–∞–±–æ—Ä—ã –¥–ª—è —Å—Ç–∞–π–ª–∏–Ω–≥–∞ –æ–±–µ—Å–ø–µ—á–∏–≤–∞—é—Ç –ø–æ–ª–Ω–æ—Ü–µ–Ω–Ω—ã–π —É—Ö–æ–¥ –∑–∞ –≤–æ–ª–æ—Å–∞–º–∏ –Ω–∞ –ª–∏—Ü–µ, –≥–æ–ª–æ–≤–µ –∏ —Ç–µ–ª–µ. –î–æ 10 —Ñ—É–Ω–∫—Ü–∏–π –≤ 1 –ø—Ä–∏–±–æ—Ä–µ. –°–≤–µ—Ä—Ö–æ—Å—Ç—Ä—ã–µ –º–µ—Ç–∞–ª–ª–∏—á–µ—Å–∫–∏–µ –ª–µ–∑–≤–∏—è —Å –Ω–µ–æ–≥—Ä–∞–Ω–∏—á–µ–Ω–Ω—ã–º —Å—Ä–æ–∫–æ–º —Å–ª—É–∂–±—ã –ø–æ–∑–≤–æ–ª—è—é—Ç –¥–æ—Å—Ç–∏—á—å –∏–¥–µ–∞–ª—å–Ω–æ–≥–æ —Ä–µ–∑—É–ª—å—Ç–∞—Ç–∞ —Å –ø–µ—Ä–≤–æ–≥–æ –¥–≤–∏–∂–µ–Ω–∏—è. –ë–µ–∑ –∑–∞—â–∏–ø—ã–≤–∞–Ω–∏–π –∏ –≤—ã–¥–µ—Ä–≥–∏–≤–∞–Ω–∏–π –≤–æ–ª–æ—Å.
–ü–æ–¥—Å—Ç—Ä–∏–≥–∞–π—Ç–µ –≤–æ–ª–æ—Å—ã, —É—Å—Ç–∞–Ω–æ–≤–∏–≤ –Ω—É–∂–Ω—É—é –¥–ª–∏–Ω—É - 0,5-21–º–º –±–ª–∞–≥–æ–¥–∞—Ä—è 2 —Ä–µ–≥—É–ª–∏—Ä—É–µ–º—ã–º –≥—Ä–µ–±–Ω—è–º. 13 —Ç–æ—á–Ω—ã—Ö –Ω–∞—Å—Ç—Ä–æ–µ–∫ –¥–ª–∏–Ω—ã. –ú–æ—Ç–æ—Ä Autosensing –æ–±–µ—Å–ø–µ—á–∏–≤–∞–µ—Ç –ø–æ—Å—Ç–æ—è–Ω–Ω—É—é —Å–∫–æ—Ä–æ—Å—Ç—å –¥–∞–∂–µ –ø—Ä–∏ –æ–±—Ä–∞–±–æ—Ç–∫–µ –≥—É—Å—Ç—ã—Ö –≤–æ–ª–æ—Å.

–•–∞—Ä–∞–∫—Ç–µ—Ä–∏—Å—Ç–∏–∫–∏:

–¢–∏–ø —É—Å—Ç—Ä–æ–π—Å—Ç–≤–∞:	—Ç—Ä–∏–º–º–µ—Ä –¥–ª—è –≤–æ–ª–æ—Å, –±–æ—Ä–æ–¥—ã, —É—Å–æ–≤
–í–æ–¥–æ–Ω–µ–ø—Ä–æ–Ω–∏—Ü–∞–µ–º–æ—Å—Ç—å:	+
–ì–∞—Ä–∞–Ω—Ç–∏—è (–ª–µ—Ç):	2
–¢–∏–ø –ø–∏—Ç–∞–Ω–∏—è: Li-ion –∞–∫–∫—É–º—É–ª—è—Ç–æ—Ä
–¶–≤–µ—Ç:	—á–µ—Ä–Ω—ã–π/—Å–µ—Ä—ã–π
–°–≤–µ—Ç–æ–¥–∏–æ–¥–Ω—ã–π –∏–Ω–¥–∏–∫–∞—Ç–æ—Ä —É—Ä–æ–≤–Ω—è –∑–∞—Ä—è–¥–∫–∏:	+

–ö–æ–º–ø–ª–µ–∫—Ç–∞—Ü–∏—è:

–ù–∞—Å–∞–¥–æ–∫ –≤ –∫–æ–º–ø–ª–µ–∫—Ç–µ:	6
–ù–∞—Å–∞–¥–∫–∞-–≥—Ä–µ–±–µ–Ω—å –¥–ª—è –∫–æ—Ä–æ—Ç–∫–∏—Ö –≤–æ–ª–æ—Å 3-11 –º–º:	+
–ù–∞—Å–∞–¥–∫–∞-–≥—Ä–µ–±–µ–Ω—å 1 –º–º:	+
–ù–∞—Å–∞–¥–∫–∞-–≥—Ä–µ–±–µ–Ω—å –¥–ª—è –¥–ª–∏–Ω–Ω—ã—Ö –≤–æ–ª–æ—Å 13-21 –º–º:	+
–ù–∞—Å–∞–¥–∫–∞-–≥—Ä–µ–±–µ–Ω—å 2 –º–º:	+
–ù–∞—Å–∞–¥–∫–∞ –¥–ª—è —Ç–æ—á–Ω–æ–≥–æ —Å—Ç–∞–π–ª–∏–Ω–≥–∞:	+
–ù–∞—Å–∞–¥–∫–∞ –¥–ª—è –Ω–æ—Å–∞ –∏ —É—à–µ–π:	+
–ó–∞—Ä—è–¥–Ω–æ–µ —É—Å—Ç—Ä–æ–π—Å—Ç–≤–æ SmartPlug:	+
–©–µ—Ç–æ—á–∫–∞ –¥–ª—è —á–∏—Å—Ç–∫–∏:	+
","2025-05-18T17:28:25.995157Z","2025-05-18T17:28:25.995157Z","4","unisex"
"d5788ab6-ee51-4e28-9f81-eb45fd238f03","6B647A5EBD","–ú—è—Å–æ—Ä—É–±–∫–∞ MG510","Kenwood","–ú—è—Å–æ—Ä—É–±–∫–∏","2070.00","","true","{""single_option"": {""stock"": 2}}","bb4fe62f-3ed0-4879-9adf-3229c3d16d54","f2fca86f-cffc-4924-9631-ce888a5330c2","–ö–æ–º–ø–ª–µ–∫—Ç–∞—Ü–∏—è
–ö–æ—Ä–ø—É—Å –º—è—Å–æ—Ä—É–±–∫–∏, –ó–∞–≥—Ä—É–∑–æ—á–Ω—ã–π –±–ª–æ–∫, –®–Ω–µ–∫, –ù–æ–∂, –õ–æ—Ç–æ–∫, –¢–æ–ª–∫–∞—Ç–µ–ª—å, –†–µ—à–µ—Ç–∫–∞ (3 –≤ –∫–æ–º–ø–ª–µ–∫—Ç–µ, –¥–∏–∞–º–µ—Ç—Ä –æ—Ç–≤–µ—Ä—Å—Ç–∏–π 3–º–º, 4.5–º–º –∏ 8 –º–º), –ù–∞—Å–∞–¥–∫–∞ –¥–ª—è –∫–æ–ª–±–∞—Å, –ù–∞—Å–∞–¥–∫–∞ –¥–ª—è –∫–µ–±–±–µ, –ú–∏—Å–∫–∞ –¥–ª—è —Ñ–∞—Ä—à–∞/–∫—Ä—ã—à–∫–∞, –†—É–∫–æ–≤–æ–¥—Å—Ç–≤–æ –ø–æ–ª—å–∑–æ–≤–∞—Ç–µ–ª—è.

–•–∞—Ä–∞–∫—Ç–µ—Ä–∏—Å—Ç–∏–∫–∏:

–ü—Ä–æ–∏–∑–≤–æ–¥–∏—Ç–µ–ª—å–Ω–æ—Å—Ç—å, –∫–≥/–º–∏–Ω: 2
–ú–æ—â–Ω–æ—Å—Ç—å, –í—Ç: 450
–ú–∞–∫—Å. –º–æ—â–Ω–æ—Å—Ç—å (–ø—Ä–∏ –±–ª–æ–∫–∏—Ä–æ–≤–∫–µ –º–æ—Ç–æ—Ä–∞), –í—Ç: 1600
–ú–∞—Ç–µ—Ä–∏–∞–ª –∫–æ—Ä–ø—É—Å–∞: –ú–µ—Ç–∞–ª–ª
–ú–∞—Ç–µ—Ä–∏–∞–ª –ª–æ—Ç–∫–∞: –ú–µ—Ç–∞–ª–ª
–¶–≤–µ—Ç: –°–µ—Ä—ã–π –º–µ—Ç–∞–ª–ª–∏–∫

","2025-05-18T17:42:38.07203Z","2025-05-18T17:42:38.07203Z","9","unisex"
"ac263c1e-ba92-4e7a-81b6-0f5003a0d326","C392A6A168","–≠–ø–∏–ª—è—Ç–æ—Ä BRE-225","Philips","–¢—Ä–∏–º–º–µ—Ä—ã, —ç–ø–∏–ª—è—Ç–æ—Ä—ã","470.00","","true","{""single_option"": {""stock"": 2}}","f1cc3c6e-9f5c-4152-86f3-e5352d1a311e","722165bd-7d1d-4c4b-97fc-82fdbdf0a2cd","Satinelle Essential
–ö–æ–º–ø–∞–∫—Ç–Ω—ã–π —ç–ø–∏–ª—è—Ç–æ—Ä —Å –ø–∏—Ç–∞–Ω–∏–µ–º –æ—Ç —Å–µ—Ç–∏

–ü—Ä–æ—Å—Ç–∞—è —ç–ø–∏–ª—è—Ü–∏—è
–≠–ø–∏–ª—è—Ç–æ—Ä Philips Satinelle —Å–¥–µ–ª–∞–µ—Ç –∫–æ–∂—É –≤–∞—à–∏—Ö –Ω–æ–≥ –∏–¥–µ–∞–ª—å–Ω–æ –≥–ª–∞–¥–∫–æ–π –Ω–∞–¥–æ–ª–≥–æ. –û–Ω –±–µ—Ä–µ–∂–Ω–æ —É–¥–∞–ª—è–µ—Ç —Å –∫–æ—Ä–Ω–µ–º –≤–æ–ª–æ—Å–∫–∏ –¥–ª–∏–Ω–æ–π –æ—Ç 0,5 –º–º. –ü—Ä–∏–±–æ—Ä –æ—Å–Ω–∞—â–µ–Ω —ç—Ä–≥–æ–Ω–æ–º–∏—á–Ω–æ–π —Ä—É—á–∫–æ–π –∏ –≥–æ–ª–æ–≤–∫–æ–π, –∫–æ—Ç–æ—Ä—É—é –º–æ–∂–Ω–æ –ø—Ä–æ–º—ã–≤–∞—Ç—å –≤–æ–¥–æ–π –¥–ª—è –≥–∏–≥–∏–µ–Ω–∏—á–Ω–æ–≥–æ –∏—Å–ø–æ–ª—å–∑–æ–≤–∞–Ω–∏—è

–•–∞—Ä–∞–∫—Ç–µ—Ä–∏—Å—Ç–∏–∫–∏:

–°–∏—Å—Ç–µ–º–∞ —ç–ø–∏–ª—è—Ü–∏–∏: –≠–ø–∏–ª–∏—Ä—É—é—â–∏–µ –¥–∏—Å–∫–∏ –¥–ª—è –±–µ—Ä–µ–∂–Ω–æ–π —ç–ø–∏–ª—è—Ü–∏–∏
–©–µ—Ç–æ—á–∫–∞ –¥–ª—è —á–∏—Å—Ç–∫–∏: –î–∞
–ù–∞–ø—Ä—è–∂–µ–Ω–∏–µ: 15 –í
–†–µ–∂–∏–º—ã: 2 —Ä–µ–∂–∏–º–∞ —Å–∫–æ—Ä–æ—Å—Ç–∏
","2025-05-18T18:17:22.193432Z","2025-05-18T18:17:22.193432Z","1","unisex"
"6cf1d47a-29ae-49a7-a9c2-51f696a0dc63","4A4C0998B2","–¢—Ä–∏–º–º–µ—Ä MG-5730","Philips","–¢—Ä–∏–º–º–µ—Ä—ã, —ç–ø–∏–ª—è—Ç–æ—Ä—ã","880.00","","true","{""single_option"": {""stock"": 2}}","f1cc3c6e-9f5c-4152-86f3-e5352d1a311e","722165bd-7d1d-4c4b-97fc-82fdbdf0a2cd","–í—ã—Å–æ–∫–∞—è —Ç–æ—á–Ω–æ—Å—Ç—å –∏ –ø—Ä–µ–≤–æ—Å—Ö–æ–¥–Ω—ã–π —Å—Ç–∞–π–ª–∏–Ω–≥

–°–æ–∑–¥–∞–π—Ç–µ –Ω–µ–ø–æ–≤—Ç–æ—Ä–∏–º—ã–π –æ–±—Ä–∞–∑, –∏—Å–ø–æ–ª—å–∑—É—è —ç—Ç–æ—Ç —É–Ω–∏–≤–µ—Ä—Å–∞–ª—å–Ω—ã–π —Ç—Ä–∏–º–º–µ—Ä —Å 11 –Ω–∞—Å–∞–¥–∫–∞–º–∏ –¥–ª—è —Å—Ç—Ä–∏–∂–∫–∏ –≤–æ–ª–æ—Å –Ω–∞ –≥–æ–ª–æ–≤–µ, –ª–∏—Ü–µ –∏ —Ç–µ–ª–µ. –õ–µ–∑–≤–∏—è DualCut –≥–∞—Ä–∞–Ω—Ç–∏—Ä—É—é—Ç –º–∞–∫—Å–∏–º–∞–ª—å–Ω—É—é —Ç–æ—á–Ω–æ—Å—Ç—å, –∞ –±–ª–∞–≥–æ–¥–∞—Ä—è –Ω–µ—Å–∫–æ–ª—å–∑—è—â–µ–π –ø—Ä–æ—Ä–µ–∑–∏–Ω–µ–Ω–Ω–æ–π —Ä—É—á–∫–µ —Ç—Ä–∏–º–º–µ—Ä —É–¥–æ–±–Ω–æ –ø–µ—Ä–µ–º–µ—â–∞—Ç—å –∏ –ª–µ–≥–∫–æ –¥–µ—Ä–∂–∞—Ç—å –≤ —Ä—É–∫–µ.

–•–∞—Ä–∞–∫—Ç–µ—Ä–∏—Å—Ç–∏–∫–∏:

–ù–∞—Å–∞–¥–∫–∏ –¥–ª—è —Å—Ç–∞–π–ª–∏–Ω–≥–∞: –ú–µ—Ç–∞–ª–ª–∏—á–µ—Å–∫–∏–π —Ç—Ä–∏–º–º–µ—Ä, —Ç—Ä–∏–º–º–µ—Ä –¥–ª—è —Å–æ–∑–¥–∞–Ω–∏—è –∫–æ–Ω—Ç—É—Ä–∞ –≤—ã—Å–æ–∫–æ—Ç–æ—á–Ω–∞—è –±—Ä–∏—Ç–≤–∞, —Ç—Ä–∏–º–º–µ—Ä –¥–ª—è –Ω–æ—Å–∞ –∏ —É—à–µ–π, —Ä–µ–≥—É–ª–∏—Ä—É–µ–º—ã–π –≥—Ä–µ–±–µ–Ω—å –¥–ª—è –±–æ—Ä–æ–¥—ã 3‚Äì7 –º–º, 2 –≥—Ä–µ–±–Ω—è –¥–ª—è —â–µ—Ç–∏–Ω—ã, 3 –≥—Ä–µ–±–Ω—è –¥–ª—è –≤–æ–ª–æ—Å, 1 –≥—Ä–µ–±–µ–Ω—å –¥–ª—è —Ç–µ–ª–∞
–†–µ–∂—É—â–∞—è —Å–∏—Å—Ç–µ–º–∞: –¢–µ—Ö–Ω–æ–ª–æ–≥–∏—è DualCut
–í—Ä–µ–º—è —Ä–∞–±–æ—Ç—ã: –¥–æ 80 –º–∏–Ω—É—Ç
","2025-05-18T18:17:22.193432Z","2025-05-18T18:17:22.193432Z","1","unisex"
"6f5ddee6-3a3f-40bb-9d80-4f4519a3daa7","1E0DDD8977","–û—Ç–ø–∞—Ä–∏–≤–∞—Ç–µ–ª—å GC-486","Philips","–û—Ç–ø–∞—Ä–∏–≤–∞—Ç–µ–ª–∏","1600.00","","true","{""single_option"": {""stock"": 2}}","f1cc3c6e-9f5c-4152-86f3-e5352d1a311e","074bb900-302a-4648-8a0b-7d4114b1d689","–ù–∞ 20 % –±–æ–ª–µ–µ –º–æ—â–Ω—ã–π* —Å –ø–æ—Å—Ç–æ—è–Ω–Ω–æ–π –ø–æ–¥–∞—á–µ–π –ø–∞—Ä–∞ 35 –≥/–º–∏–Ω
–û—Ç–ø–∞—Ä–∏–≤–∞—Ç–µ–ª—å EasyTouch –Ω–∞ 20 % –º–æ—â–Ω–µ–µ* –ø—Ä–µ–¥—ã–¥—É—â–∏—Ö –º–æ–¥–µ–ª–µ–π –±–ª–∞–≥–æ–¥–∞—Ä—è –º–æ—â–Ω–æ–π –ø–æ—Å—Ç–æ—è–Ω–Ω–æ–π –ø–æ–¥–∞—á–µ –ø–∞—Ä–∞ 35 –≥/–º–∏–Ω, –æ–±–µ—Å–ø–µ—á–∏–≤–∞—é—â–µ–π –∏–∑–±–∞–≤–ª–µ–Ω–∏–µ –æ—Ç —Å–∫–ª–∞–¥–æ–∫ –≤—Å–µ–≥–æ –∑–∞ –Ω–µ—Å–∫–æ–ª—å–∫–æ –¥–≤–∏–∂–µ–Ω–∏–π

3 —Ä–µ–∂–∏–º–∞ –ø–æ–¥–∞—á–∏ –ø–∞—Ä–∞ –¥–ª—è —Ä–∞–∑–ª–∏—á–Ω—ã—Ö —Ç–∫–∞–Ω–µ–π
–í—ã–±–µ—Ä–∏—Ç–µ –Ω—É–∂–Ω—ã–π —Ä–µ–∂–∏–º –ø–æ–¥–∞—á–∏ –ø–∞—Ä–∞ –¥–ª—è –æ–ø—Ç–∏–º–∞–ª—å–Ω–æ–≥–æ —Ä–µ–∑—É–ª—å—Ç–∞—Ç–∞ –ø—Ä–∏ –æ–±—Ä–∞–±–æ—Ç–∫–µ –∫–æ–Ω–∫—Ä–µ—Ç–Ω–æ–≥–æ –≤–∏–¥–∞ —Ç–∫–∞–Ω–∏: —É—Å—Ç–∞–Ω–∞–≤–ª–∏–≤–∞–π—Ç–µ –º–µ–Ω–µ–µ –∏–Ω—Ç–µ–Ω—Å–∏–≤–Ω—É—é –ø–æ–¥–∞—á—É –ø–∞—Ä–∞ –¥–ª—è —Ç–æ–Ω–∫–∏—Ö —Ç–∫–∞–Ω–µ–π, –∏ –±–æ–ª–µ–µ –º–æ—â–Ω—É—é ‚Äî –¥–ª—è –ø–ª–æ—Ç–Ω—ã—Ö —Ç–∫–∞–Ω–µ–π.

–†–µ–∑–µ—Ä–≤—É–∞—Ä –¥–ª—è –≤–æ–¥—ã 1,4 –ª —Å –æ—Ç–≤–µ—Ä—Å—Ç–∏–µ–º –Ω–∞ 80 % –±–æ–ª—å—à–µ*
–ë–æ–ª—å—à–æ–π —Å—ä–µ–º–Ω—ã–π —Ä–µ–∑–µ—Ä–≤—É–∞—Ä –¥–ª—è –≤–æ–¥—ã 1,4 –ª –∏–º–µ–µ—Ç –æ—Ç–≤–µ—Ä—Å—Ç–∏–µ –Ω–∞ 80 % –±–æ–ª—å—à–µ*, —á–µ–º —É –º–æ–¥–µ–ª–µ–π –ø—Ä–µ–¥—ã–¥—É—â–µ–≥–æ –ø–æ–∫–æ–ª–µ–Ω–∏—è, —á—Ç–æ –æ–±–µ—Å–ø–µ—á–∏–≤–∞–µ—Ç –ø—Ä–æ—Å—Ç–æ–µ –Ω–∞–ø–æ–ª–Ω–µ–Ω–∏–µ –∏ –æ—á–∏—Å—Ç–∫—É —Ä–µ–∑–µ—Ä–≤—É–∞—Ä–∞.

–•–∞—Ä–∞–∫—Ç–µ—Ä–∏—Å—Ç–∏–∫–∏:

–û–±—ä–µ–º —Ä–µ–∑–µ—Ä–≤—É–∞—Ä–∞ –¥–ª—è –≤–æ–¥—ã: 1400  ml
–°—ä–µ–º–Ω—ã–π —Ä–µ–∑–µ—Ä–≤—É–∞—Ä –¥–ª—è –≤–æ–¥—ã: –î–∞
–î–æ–ª–∏–≤ –≤–æ–¥—ã –≤ –ª—é–±–æ–π –º–æ–º–µ–Ω—Ç –∏—Å–ø–æ–ª—å–∑–æ–≤–∞–Ω–∏—è: –î–∞
–î–ª–∏–Ω–∞ —Å–µ—Ç–µ–≤–æ–≥–æ —à–Ω—É—Ä–∞: 1,8  m
–í–µ—à–∞–ª–∫–∞ –¥–ª—è –æ–¥–µ–∂–¥—ã: –î–∞
–†—É–∫–∞–≤–∏—Ü–∞ –¥–ª—è –¥–æ–ø–æ–ª–Ω–∏—Ç–µ–ª—å–Ω–æ–π –∑–∞—â–∏—Ç—ã: –î–∞
–†–µ–≥—É–ª–∏—Ä—É–µ–º–∞—è —Å—Ç–∞—Ü–∏–æ–Ω–∞—Ä–Ω–∞—è –≤–µ—à–∞–ª–∫–∞: –î–∞
","2025-05-18T18:17:22.193432Z","2025-05-18T18:17:22.193432Z","1","unisex"
"5c322a2a-a368-4d15-b9d2-8602f9bedda3","D9E18AB08D","–ö–æ—Ñ–µ–º–∞—à–∏–Ω–∞ EP-3246","Philips","–ö–æ—Ñ–µ–º–∞—à–∏–Ω—ã","15000.00","","true","{""single_option"": {""stock"": 1}}","f1cc3c6e-9f5c-4152-86f3-e5352d1a311e","9fba0abe-a5a0-4de6-999a-9e77e62f0a53","–ú–Ω–æ–∂–µ—Å—Ç–≤–æ –≥–æ—Ä—è—á–∏—Ö –Ω–∞–ø–∏—Ç–∫–æ–≤ —É –≤–∞—Å –ø–æ–¥ —Ä—É–∫–æ–π!
–ù–∞—Å–ª–∞–∂–¥–∞–π—Ç–µ—Å—å 5 –≤–∏–¥–∞–º–∏ –Ω–∞–ø–∏—Ç–∫–æ–≤, —Å–æ–≥—Ä–µ–≤–∞—é—â–∏–º —ç—Å–ø—Ä–µ—Å—Å–æ –∏ –∞–º–µ—Ä–∏–∫–∞–Ω–æ –∏–ª–∏ –Ω–µ–∂–Ω—ã–º –ª–∞—Ç—Ç–µ –º–∞–∫–∏–∞—Ç–æ –∏ –∫–∞–ø—É—á–∏–Ω–æ. –ù–∞—à–∞ —Å–∏—Å—Ç–µ–º–∞ –ø—Ä–∏–≥–æ—Ç–æ–≤–ª–µ–Ω–∏—è –∫–æ—Ñ–µ —Ä–∞–∑—Ä–∞–±–æ—Ç–∞–Ω–∞ —Ç–∞–∫, —á—Ç–æ–±—ã —É—Ä–æ–≤–µ–Ω—å –∫–∞—á–µ—Å—Ç–≤–∞ –≤–∞—à–∏—Ö –Ω–∞–ø–∏—Ç–∫–æ–≤ –∫–∞–∂–¥—ã–π –¥–µ–Ω—å —Ä–∞–¥–æ–≤–∞–ª –≤–∞—Å –Ω–µ –º–µ–Ω—å—à–µ, —á–µ–º —É –ø—Ä–æ—Ñ–µ—Å—Å–∏–æ–Ω–∞–ª—å–Ω–æ–≥–æ –±–∞—Ä–∏—Å—Ç–∞ –≤ –≤–∞—à–µ–π –ª—é–±–∏–º–æ–π –∫–æ—Ñ–µ–π–Ω–µ.

–ü–æ–ª—É—á–∏—Ç–µ –Ω–µ–∂–Ω—É—é –º–æ–ª–æ—á–Ω—É—é –ø–µ–Ω–∫—É —Å —Å–∏—Å—Ç–µ–º–æ–π LatteGo ü•õ
–ë–ª–∞–≥–æ–¥–∞—Ä—è –∑–∞–ø–∞—Ç–µ–Ω—Ç–æ–≤–∞–Ω–Ω–æ–π —Ç–µ—Ö–Ω–æ–ª–æ–≥–∏–∏ –≤–∑–±–∏–≤–∞–Ω–∏—è LatteGo –≤—ã –ø–æ–ª—É—á–∏—Ç–µ –º—è–≥–∫—É—é –º–æ–ª–æ—á–Ω—É—é –ø–µ–Ω–∫—É –æ–¥–Ω–∏–º –Ω–∞–∂–∞—Ç–∏–µ–º –∫–Ω–æ–ø–∫–∏. –°–∏—Å—Ç–µ–º–∞ –≥–æ—Ç–æ–≤–∏—Ç –æ—Ç–ª–∏—á–Ω—É—é –ø–µ–Ω–∫—É —Å –ª—é–±—ã–º –≤–∏–¥–æ–º –º–æ–ª–æ–∫–∞, –≤–∫–ª—é—á–∞—è —Ä–∞—Å—Ç–∏—Ç–µ–ª—å–Ω—ã–µ –∞–ª—å—Ç–µ—Ä–Ω–∞—Ç–∏–≤—ã.

–ë–æ–ª–µ–µ —è—Ä–∫–∏–π –∞—Ä–æ–º–∞—Ç —Å 100% –∫–µ—Ä–∞–º–∏—á–µ—Å–∫–∏–º–∏ –∂–µ—Ä–Ω–æ–≤–∞–º–∏
–ù–∞—à–∏ –¥–æ–ª–≥–æ–≤–µ—á–Ω—ã–µ –∫–µ—Ä–∞–º–∏—á–µ—Å–∫–∏–µ –∂–µ—Ä–Ω–æ–≤–∞ —Ä–∞—Å–∫—Ä—ã–≤–∞—é—Ç –≤–µ—Å—å –∞—Ä–æ–º–∞—Ç –∫–æ—Ñ–µ–π–Ω—ã—Ö –∑–µ—Ä–µ–Ω. –û–Ω–∏ –Ω–∞—Å—Ç—Ä–∞–∏–≤–∞—é—Ç—Å—è –≤ 12 —Ä–∞–∑–ª–∏—á–Ω—ã—Ö —Å—Ç–µ–ø–µ–Ω–µ–π –æ—Ç —Ç–æ–Ω–∫–æ–≥–æ –ø–æ—Ä–æ—à–∫–∞ –¥–æ –∫—Ä—É–ø–Ω—ã—Ö —á–∞—Å—Ç–∏—Ü.

–ò–¥–µ–∞–ª—å–Ω–∞—è —Ç–µ–º–ø–µ—Ä–∞—Ç—É—Ä–∞, –∞—Ä–æ–º–∞—Ç –∏ –∫—Ä–µ–º–∞ –≤ –∫–∞–∂–¥–æ–π —á–∞—à–∫–µ ‚òïÔ∏è
–°–∏—Å—Ç–µ–º–∞ Aroma Extract –ø–æ–¥–¥–µ—Ä–∂–∏–≤–∞–µ—Ç —Ç–µ–º–ø–µ—Ä–∞—Ç—É—Ä—É –≤–æ–¥—ã –º–µ–∂–¥—É 90¬∞C –∏ 98¬∞C, —Ä–µ–≥—É–ª–∏—Ä—É—è —Å–∫–æ—Ä–æ—Å—Ç—å –ø–æ—Ç–æ–∫–∞ –≤–æ–¥—ã –¥–ª—è –∏–¥–µ–∞–ª—å–Ω–æ–≥–æ –±–∞–ª–∞–Ω—Å–∞ –º–µ–∂–¥—É —Ç–µ–º–ø–µ—Ä–∞—Ç—É—Ä–æ–π –∏ –∞—Ä–æ–º–∞—Ç–æ–º.

–ö–æ–º–ø–ª–µ–∫—Ç–∞—Ü–∏—è
–°–æ–¥–µ—Ä–∂–∏–º–æ–µ –∫–æ—Ä–æ–±–∫–∏ Philips LatteGo EP3246:

- Philips LatteGo –≠—Å–ø—Ä–µ—Å—Å–æ-–ú–∞—à–∏–Ω–∞: –û—Å–Ω–æ–≤–Ω–æ–µ —É—Å—Ç—Ä–æ–π—Å—Ç–≤–æ –¥–ª—è –ø—Ä–∏–≥–æ—Ç–æ–≤–ª–µ–Ω–∏—è –∫–æ—Ñ–µ ‚òïÔ∏è.
- –ö–æ–Ω—Ç–µ–π–Ω–µ—Ä –¥–ª—è –∫–æ—Ñ–µ–π–Ω—ã—Ö –∑–µ—Ä–µ–Ω: –ö–æ–Ω—Ç–µ–π–Ω–µ—Ä –¥–ª—è —Ö—Ä–∞–Ω–µ–Ω–∏—è –∫–æ—Ñ–µ–π–Ω—ã—Ö –∑–µ—Ä–µ–Ω –¥–ª—è –ø–æ–º–æ–ª–∞ üåü.
- –†–µ–∑–µ—Ä–≤—É–∞—Ä –¥–ª—è –≤–æ–¥—ã: –°—ä–µ–º–Ω—ã–π –±–∞–∫ –¥–ª—è –∑–∞–ø–æ–ª–Ω–µ–Ω–∏—è –≤–æ–¥–æ–π üíß.
- –õ–∞—Ç—Ç–µ–ì–æ –º–æ–ª–æ—á–Ω—ã–π –≤—Å–ø–µ–Ω–∏–≤–∞—Ç–µ–ª—å: –°—ä–µ–º–Ω–æ–µ —É—Å—Ç—Ä–æ–π—Å—Ç–≤–æ –¥–ª—è –≤—Å–ø–µ–Ω–∏–≤–∞–Ω–∏—è –º–æ–ª–æ–∫–∞ –¥–ª—è –ª–∞—Ç—Ç–µ –∏ –∫–∞–ø—É—á–∏–Ω–æ ü•õ.
- –§–∏–ª—å—Ç—Ä –¥–ª—è –≤–æ–¥—ã AquaClean, —Ç—é–±–∏–∫ —Å–æ —Å–º–∞–∑–∫–æ–π, –º–µ—Ä–Ω–∞—è –ª–æ–∂–∫–∞, —Ç–µ—Å—Ç–æ–≤–∞—è –ø–æ–ª–æ—Å–∫–∞ –¥–ª—è –ø—Ä–æ–≤–µ—Ä–∫–∏ –∂–µ—Å—Ç–∫–æ—Å—Ç–∏ –≤–æ–¥—ã

","2025-05-18T18:17:22.193432Z","2025-05-18T18:17:22.193432Z","8","unisex"
"42c503f8-a759-43ca-bfbd-661b95be3235","5D1F2E1634","–£—Ç—é–≥ DST-5040","Philips","–£—Ç—é–≥–∏","1020.00","","true","{""single_option"": {""stock"": 3}}","f1cc3c6e-9f5c-4152-86f3-e5352d1a311e","d66dcd49-5b68-474e-8b10-575c968e4c3d","–°–æ–∑–¥–∞–Ω –¥–ª—è —Ä–∞–±–æ—Ç—ã, –¥–µ–Ω—å –∑–∞ –¥–Ω–µ–º

–ß—Ç–æ–±—ã —Ä–µ–∑—É–ª—å—Ç–∞—Ç—ã –≥–ª–∞–∂–µ–Ω–∏—è —Ä–∞–¥–æ–≤–∞–ª–∏ –≤–∞—Å –¥–µ–Ω—å –∑–∞ –¥–Ω–µ–º, –Ω–µ–æ–±—Ö–æ–¥–∏–º –Ω–∞–¥–µ–∂–Ω—ã–π —É—Ç—é–≥. –≠—Ç–æ—Ç –≤—ã—Å–æ–∫–æ–∫–∞—á–µ—Å—Ç–≤–µ–Ω–Ω—ã–π —É—Ç—é–≥ —Å –ø–æ–¥–æ—à–≤–æ–π SteamGlide Plus, –∑–∞—â–∏—â–µ–Ω–Ω–æ–π –æ—Ç —Ü–∞—Ä–∞–ø–∏–Ω, –∏ –≤—Å—Ç—Ä–æ–µ–Ω–Ω–æ–π —Ñ—É–Ω–∫—Ü–∏–µ–π –æ—á–∏—Å—Ç–∫–∏ –æ—Ç –Ω–∞–∫–∏–ø–∏ –æ–±–µ—Å–ø–µ—á–∏–≤–∞–µ—Ç —Å—Ç–∞–±–∏–ª—å–Ω—É—é –º–æ—â–Ω—É—é –ø–æ–¥–∞—á—É –ø–∞—Ä–∞ –∏ –¥–æ–ª–≥–æ–≤–µ—á–Ω–æ—Å—Ç—å.

–•–∞—Ä–∞–∫—Ç–µ—Ä–∏—Å—Ç–∏–∫–∏

–û–±—ä–µ–º —Ä–µ–∑–µ—Ä–≤—É–∞—Ä–∞ –¥–ª—è –≤–æ–¥—ã: 320ml
–ù–∞–∑–≤–∞–Ω–∏–µ –ø–æ–¥–æ—à–≤—ã: SteamGlide Plus
–í–æ–∑–º–æ–∂–Ω–æ—Å—Ç—å –∏—Å–ø–æ–ª—å–∑–æ–≤–∞–Ω–∏—è –≤–æ–¥–æ–ø—Ä–æ–≤–æ–¥–Ω–æ–π –≤–æ–¥—ã: –î–∞
–°–∏—Å—Ç–µ–º–∞ ""–∫–∞–ø–ª—è-—Å—Ç–æ–ø"": –î–∞
–£—Å—Ç–æ–π—á–∏–≤–æ–µ –≤–µ—Ä—Ç–∏–∫–∞–ª—å–Ω–æ–µ –ø–æ–ª–æ–∂–µ–Ω–∏–µ: –î–∞
–ë–æ–ª—å—à–æ–µ –æ—Ç–≤–µ—Ä—Å—Ç–∏–µ –¥–ª—è –∑–∞–ª–∏–≤–∞ –≤–æ–¥—ã: –î–∞
–ú–æ—â–Ω–æ—Å—Ç—å: 2600W
–ü–∞—Ä–æ–≤–æ–π —É–¥–∞—Ä: 200g
–ü–æ—Å—Ç–æ—è–Ω–Ω–∞—è –ø–æ–¥–∞—á–∞ –ø–∞—Ä–∞: 45g/min
–†–∞—Å–ø—ã–ª–µ–Ω–∏–µ –≤–æ–¥—ã: –î–∞
","2025-05-18T18:17:22.193432Z","2025-05-18T18:17:22.193432Z","1","unisex"
"b6d73715-d4b0-4648-8411-d3a42b00c8db","C8DC89EFA6","–í—ã–ø—Ä—è–º–∏—Ç–µ–ª—å –≤–æ–ª–æ—Å BHS-378","Philips","–í—ã–ø—Ä—è–º–∏—Ç–µ–ª–∏ –¥–ª—è –≤–æ–ª–æ—Å","610.00","","true","{""single_option"": {""stock"": 5}}","f1cc3c6e-9f5c-4152-86f3-e5352d1a311e","b26e80d3-2b7b-4fb6-831f-a6b4abe94769","StraightCare Essential
–í—ã–ø—Ä—è–º–∏—Ç–µ–ª—å ThermoProtect

–¢–æ—á–Ω—ã–µ –Ω–∞—Å—Ç—Ä–æ–π–∫–∏ –∏ —Å–∏—Å—Ç–µ–º–∞ –∏–æ–Ω–∏–∑–∞—Ü–∏–∏: –≥–ª–∞–¥–∫–∏–µ –∏ –±–ª–µ—Å—Ç—è—â–∏–µ –≤–æ–ª–æ—Å—ã

–°–æ–∑–¥–∞–≤–∞–π—Ç–µ —É–∫–ª–∞–¥–∫—É –ª–µ–≥–∫–æ –∏ –±—ã—Å—Ç—Ä–æ –±–ª–∞–≥–æ–¥–∞—Ä—è –¥–ª–∏–Ω–Ω—ã–º –ø–ª–∞—Å—Ç–∏–Ω–∞–º —Å –∫–µ—Ä–∞—Ç–∏–Ω–æ–≤—ã–º –ø–æ–∫—Ä—ã—Ç–∏–µ–º, –∞ —Ç–∞–∫–∂–µ 6 —Ç–µ–º–ø–µ—Ä–∞—Ç—É—Ä–Ω—ã–º —Ä–µ–∂–∏–º–∞–º. –ó–∞–±–æ—Ç—å—Ç–µ—Å—å –æ —Å–≤–æ–∏—Ö –≤–æ–ª–æ—Å–∞—Ö —Å —Ç–µ—Ö–Ω–æ–ª–æ–≥–∏–µ–π ThermoProtect, –ø—Ä–µ–¥–æ—Ç–≤—Ä–∞—â–∞—é—â–µ–π –ø–µ—Ä–µ–≥—Ä–µ–≤–∞–Ω–∏–µ, –∏ –æ–±–µ—Å–ø–µ—á–∏–≤–∞–π—Ç–µ –±–ª–µ—Å–∫ –≤–æ–ª–æ—Å —Å –ø–æ–º–æ—â—å—é —Å–∏—Å—Ç–µ–º—ã –∏–æ–Ω–∏–∑–∞—Ü–∏–∏.

–•–∞—Ä–∞–∫—Ç–µ—Ä–∏—Å—Ç–∏–∫–∏

–î–ª–∏–Ω–∞ —à–Ω—É—Ä–∞: 1,8–º
–ù–∞–ø—Ä—è–∂–µ–Ω–∏–µ: 110-240–í
–í—Ä–µ–º—è –Ω–∞–≥—Ä–µ–≤–∞: 30 —Å–µ–∫.
–¢–∏–ø —Ä–µ–≥—É–ª–∏—Ä–æ–≤–∫–∏ —Ç–µ–º–ø–µ—Ä–∞—Ç—É—Ä—ã: –ü–æ–ª–∑—É–Ω–æ–∫ —Å LED-–∏–Ω–¥–∏–∫–∞—Ç–æ—Ä–æ–º
–î–ª–∏–Ω–Ω—ã–µ –ø–ª–∞—Å—Ç–∏–Ω—ã: 28x100 –º–º
–¢–µ–º–ø–µ—Ä–∞—Ç—É—Ä–Ω—ã–π –¥–∏–∞–ø–∞–∑–æ–Ω: 160‚Äì230 ¬∞C
–®–Ω—É—Ä –Ω–∞ —à–∞—Ä–Ω–∏—Ä–µ: –î–∞
–ò–Ω–¥–∏–∫–∞—Ç–æ—Ä –≥–æ—Ç–æ–≤–Ω–æ—Å—Ç–∏ –∫ –∏—Å–ø–æ–ª—å–∑–æ–≤–∞–Ω–∏—é: –î–∞
–ú–∞—Ç–µ—Ä–∏–∞–ª –ø–ª–∞—Å—Ç–∏–Ω: –ö–µ—Ä–∞–º–∏—á–µ—Å–∫–∏–µ –ø–ª–∞—Å—Ç–∏–Ω—ã —Å –∫–µ—Ä–∞—Ç–∏–Ω–æ–≤—ã–º –ø–æ–∫—Ä—ã—Ç–∏–µ–º
–ü–µ—Ç–µ–ª—å–∫–∞ –¥–ª—è –ø–æ–¥–≤–µ—à–∏–≤–∞–Ω–∏—è: –î–∞
–ë–ª–æ–∫–∏—Ä–æ–≤–∫–∞ –ø–ª–∞—Å—Ç–∏–Ω: –î–∞
","2025-05-18T18:17:22.193432Z","2025-05-18T18:17:22.193432Z","1","unisex"
"a71f0492-c34e-4cbe-aec7-09657cfd0732","52381B0BB2","–ö—É—Ö–æ–Ω–Ω—ã–π –∫–æ–º–±–∞–π–Ω HR-7778","Philips","–ö–æ–º–±–∞–π–Ω—ã","4400.00","","true","{""single_option"": {""stock"": 2}}","f1cc3c6e-9f5c-4152-86f3-e5352d1a311e","71c95a50-83e0-49c6-b88d-ab633a0528f3","–†—É–±–∏—Ç–µ, –Ω–∞—Ä–µ–∑–∞–π—Ç–µ, —à–∏–Ω–∫—É–π—Ç–µ, –∑–∞–º–µ—à–∏–≤–∞–π—Ç–µ, –≤–∑–±–∏–≤–∞–π—Ç–µ –∏ —Å–º–µ—à–∏–≤–∞–π—Ç–µ

–ö—É—Ö–æ–Ω–Ω—ã–π –∫–æ–º–±–∞–π–Ω Philips —Å–µ—Ä–∏–∏ 7000 ‚Äî —ç—Ç–æ —É–Ω–∏–≤–µ—Ä—Å–∞–ª—å–Ω–æ–µ —Ä–µ—à–µ–Ω–∏–µ –¥–ª—è –≤–∞—à–µ–π –∫—É—Ö–Ω–∏. –ë–ª–∞–≥–æ–¥–∞—Ä—è –Ω–æ–≤–æ–π –∏–Ω–Ω–æ–≤–∞—Ü–∏–æ–Ω–Ω–æ–π –º–µ—Ç–∞–ª–ª–∏—á–µ—Å–∫–æ–π –Ω–∞—Å–∞–¥–∫–µ-–∫—Ä—é–∫—É –¥–ª—è —Ç–µ—Å—Ç–∞, –º–æ—â–Ω–æ–º—É –º–æ—Ç–æ—Ä—É 1300 –í—Ç –∏ –∑–∞–ø—Ä–æ–≥—Ä–∞–º–º–∏—Ä–æ–≤–∞–Ω–Ω–æ–π –∫–Ω–æ–ø–∫–µ –∑–∞–º–µ—à–∏–≤–∞–Ω–∏—è —Ç–µ—Å—Ç–∞ –æ–¥–Ω–∏–º –Ω–∞–∂–∞—Ç–∏–µ–º –≤—ã–ø–µ–∫–∞—Ç—å —Ö–ª–µ–± —Å—Ç–∞–ª–æ –ø—Ä–æ—Å—Ç–æ, –∫–∞–∫ –Ω–∏–∫–æ–≥–¥–∞. –ø–æ–º–æ–∂–µ—Ç –≤ –ø—Ä–∏–≥–æ—Ç–æ–≤–ª–µ–Ω–∏–∏ –≤–∫—É—Å–Ω—ã—Ö –≤–æ–∑–¥—É—à–Ω—ã—Ö –∫–µ–∫—Å–æ–≤ –∏ –¥—Ä—É–≥–æ–π –≤—ã–ø–µ—á–∫–∏ –¥–ª—è –≤—Å–µ–π —Å–µ–º—å–∏. –ë–ª–∞–≥–æ–¥–∞—Ä—è –∫–æ–Ω–∏—á–µ—Å–∫–æ–π –Ω–∞—Å–∞–¥–∫–µ –¥–æ—Å—Ç–∏–≥–∞–µ—Ç—Å—è –±–æ–ª–µ–µ –Ω–µ–∂–Ω–∞—è –∏ –≤–æ–∑–¥—É—à–Ω–∞—è –∫–æ–Ω—Å–∏—Å—Ç–µ–Ω—Ü–∏—è, –∞ —Ç–∞–∫–∂–µ –æ–±–µ—Å–ø–µ—á–∏–≤–∞–µ—Ç—Å—è –±—ã—Å—Ç—Ä–æ–µ —Å–º–µ—à–∏–≤–∞–Ω–∏–µ. –ú–æ—â–Ω—ã–π –º–æ—Ç–æ—Ä 450 –í—Ç –ø–æ–∑–≤–æ–ª—è–µ—Ç –ª–µ–≥–∫–æ –∑–∞–º–µ—à–∏–≤–∞—Ç—å –¥–∞–∂–µ —Å–∞–º–æ–µ –≥—É—Å—Ç–æ–µ —Ç–µ—Å—Ç–æ.

–•–∞—Ä–∞–∫—Ç–µ—Ä–∏—Å—Ç–∏–∫–∏

–û—Å–Ω–æ–≤–Ω–æ–π –º–∞—Ç–µ—Ä–∏–∞–ª: –ü–ª–∞—Å—Ç–∏–∫
–î–æ–ø–æ–ª–Ω–∏—Ç–µ–ª—å–Ω—ã–π –º–∞—Ç–µ—Ä–∏–∞–ª: –ú–µ—Ç–∞–ª–ª
–§—É–Ω–∫—Ü–∏–∏: –°–º–µ—à–∏–≤–∞–Ω–∏–µ, –∏–∑–º–µ–ª—å—á–µ–Ω–∏–µ, —à–∏–Ω–∫–æ–≤–∞–Ω–∏–µ, –∑–∞–º–µ—à–∏–≤–∞–Ω–∏–µ —Ç–µ—Å—Ç–∞, —ç–º—É–ª—å—Å–∏—Ä–æ–≤–∞–Ω–∏–µ, —Å–æ–∫–æ–≤—ã–∂–∏–º–∞–ª–∫–∞ –¥–ª—è —Ü–∏—Ç—Ä—É—Å–æ–≤—ã—Ö
–ö–æ–ª–∏—á–µ—Å—Ç–≤–æ –ø–æ—Ä—Ü–∏–π: 8
–ù–µ—Å–∫–æ–ª—å–∑—è—â–∏–µ –Ω–æ–∂–∫–∏: –î–∞
–ò–Ω—Ç–µ—Ä—Ñ–µ–π—Å: –ü–æ–≤–æ—Ä–æ—Ç–Ω—ã–π —Ä–µ–≥—É–ª—è—Ç–æ—Ä, 3 –∫–Ω–æ–ø–∫–∏ —Å –ø—Ä–µ–¥—É—Å—Ç–∞–Ω–æ–≤–∫–∞–º–∏
–î–ª–∏–Ω–∞ —à–Ω—É—Ä–∞: 1m
–¢–µ—Ö–Ω–æ–ª–æ–≥–∏—è: PowerChop
","2025-05-18T18:17:22.193432Z","2025-05-18T18:17:22.193432Z","1","unisex"
"aac80c03-9f85-442d-8887-ddef2f29a8dc","D3CE5B5C44","–ú–∏–∫—Å–µ—Ä —Ä—É—á–Ω–æ–π HR-3740","Philips","–ú–∏–∫—Å–µ—Ä—ã, –±–ª–µ–Ω–¥–µ—Ä—ã","550.00","","true","{""single_option"": {""stock"": 1}}","f1cc3c6e-9f5c-4152-86f3-e5352d1a311e","cb7e57cd-56ce-4f93-beee-d721d1be7f89","–ú–æ—â–Ω–æ–µ, —ç—Ñ—Ñ–µ–∫—Ç–∏–≤–Ω–æ–µ —Å–º–µ—à–∏–≤–∞–Ω–∏–µ –¥–ª—è –ø—ã—à–Ω—ã—Ö –ø–∏—Ä–æ–≥–æ–≤

–ú–∏–∫—Å–µ—Ä Philips –ø–æ–º–æ–∂–µ—Ç –≤ –ø—Ä–∏–≥–æ—Ç–æ–≤–ª–µ–Ω–∏–∏ –≤–∫—É—Å–Ω—ã—Ö –≤–æ–∑–¥—É—à–Ω—ã—Ö –∫–µ–∫—Å–æ–≤ –∏ –¥—Ä—É–≥–æ–π –≤—ã–ø–µ—á–∫–∏ –¥–ª—è –≤—Å–µ–π —Å–µ–º—å–∏. –ë–ª–∞–≥–æ–¥–∞—Ä—è –∫–æ–Ω–∏—á–µ—Å–∫–æ–π –Ω–∞—Å–∞–¥–∫–µ –¥–æ—Å—Ç–∏–≥–∞–µ—Ç—Å—è –±–æ–ª–µ–µ –Ω–µ–∂–Ω–∞—è –∏ –≤–æ–∑–¥—É—à–Ω–∞—è –∫–æ–Ω—Å–∏—Å—Ç–µ–Ω—Ü–∏—è, –∞ —Ç–∞–∫–∂–µ –æ–±–µ—Å–ø–µ—á–∏–≤–∞–µ—Ç—Å—è –±—ã—Å—Ç—Ä–æ–µ —Å–º–µ—à–∏–≤–∞–Ω–∏–µ. –ú–æ—â–Ω—ã–π –º–æ—Ç–æ—Ä 450 –í—Ç –ø–æ–∑–≤–æ–ª—è–µ—Ç –ª–µ–≥–∫–æ –∑–∞–º–µ—à–∏–≤–∞—Ç—å –¥–∞–∂–µ —Å–∞–º–æ–µ –≥—É—Å—Ç–æ–µ —Ç–µ—Å—Ç–æ.

–•–∞—Ä–∞–∫—Ç–µ—Ä–∏—Å—Ç–∏–∫–∏

–û—Å–Ω–æ–≤–Ω–æ–π –º–∞—Ç–µ—Ä–∏–∞–ª: –ü–ª–∞—Å—Ç–∏–∫ ABS 
–î–ª–∏–Ω–∞ —à–Ω—É—Ä–∞: 1,2–º
–ú–∞—Ç–µ—Ä–∏–∞–ª –∫—É–≤—à–∏–Ω–∞: –ê–ë–°-–ø–ª–∞—Å—Ç–∏–∫
–ú–∞—Ç–µ—Ä–∏–∞–ª –ª–µ–∑–≤–∏—è: –ù–µ—Ä–∂–∞–≤–µ—é—â–∞—è —Å—Ç–∞–ª—å
–°—ä–µ–º–Ω—ã–µ –ª–µ–∑–≤–∏—è: –î–∞
–ú–æ—â–Ω–æ—Å—Ç—å: 450 –í—Ç
–ù–∞–ø—Ä—è–∂–µ–Ω–∏–µ: 220‚Äì240 –í
–ß–∞—Å—Ç–æ—Ç–∞: 50/60 –ì—Ü
–ê–∫–∫—É–º—É–ª—è—Ç–æ—Ä: –ù–µ—Ç
","2025-05-18T18:17:22.193432Z","2025-05-18T18:17:22.193432Z","5","unisex"
"23217836-3acc-4a76-817a-02b2b7aedc1b","1A5AD30A04","–≠–ª–µ–∫—Ç—Ä–∏—á–µ—Å–∫–∏–π —á–∞–π–Ω–∏–∫ HD-9350","Philips","–≠–ª–µ–∫—Ç—Ä–∏—á–µ—Å–∫–∏–µ —á–∞–π–Ω–∏–∫–∏","670.00","","true","{""single_option"": {""stock"": 4}}","f1cc3c6e-9f5c-4152-86f3-e5352d1a311e","362609f6-ee1b-4677-9695-2372689fd2b0","Daily Collection

–ü—Ä–æ—Å–ª—É–∂–∏—Ç –¥–æ–ª–≥–æ
–ü—Ä–æ—á–Ω—ã–π —á–∞–π–Ω–∏–∫ –≤—ã–ø–æ–ª–Ω–µ–Ω –∏–∑ –±–µ–∑–æ–ø–∞—Å–Ω–æ–π –ø–∏—â–µ–≤–æ–π –Ω–µ—Ä–∂–∞–≤–µ—é—â–µ–π —Å—Ç–∞–ª–∏ –∏ —Ä–∞–∑—Ä–∞–±–æ—Ç–∞–Ω —Å–ø–µ—Ü–∏–∞–ª—å–Ω–æ –¥–ª—è –µ–∂–µ–¥–Ω–µ–≤–Ω–æ–≥–æ –∏—Å–ø–æ–ª—å–∑–æ–≤–∞–Ω–∏—è –≤ —Ç–µ—á–µ–Ω–∏–µ –¥–ª–∏—Ç–µ–ª—å–Ω–æ–≥–æ –≤—Ä–µ–º–µ–Ω–∏. –ö–æ–º–ø–∞–Ω–∏—è Philips —Å–æ–∑–¥–∞–ª–∞ —ç—Ç–æ—Ç —Å—Ç–∏–ª—å–Ω—ã–π –∏ –∫–∞—á–µ—Å—Ç–≤–µ–Ω–Ω—ã–π —á–∞–π–Ω–∏–∫ –±–ª–∞–≥–æ–¥–∞—Ä—è 60-–ª–µ—Ç–Ω–µ–º—É –æ–ø—ã—Ç—É –≤ —Å—Ñ–µ—Ä–µ –ø—Ä–µ–¥–æ—Å—Ç–∞–≤–ª–µ–Ω–∏—è –Ω–∞–¥–µ–∂–Ω—ã—Ö —Ä–µ—à–µ–Ω–∏–π.

–•–∞—Ä–∞–∫—Ç–µ—Ä–∏—Å—Ç–∏–∫–∏

–ù–∞–ø—Ä—è–∂–µ–Ω–∏–µ: 220‚Äì240  V
–ú–æ—â–Ω–æ—Å—Ç—å: 1850‚Äì2200  W
–î–ª–∏–Ω–∞ —à–Ω—É—Ä–∞: 0,75  m
–ï–º–∫–æ—Å—Ç—å: 1,7L
","2025-05-18T18:17:22.193432Z","2025-05-18T18:17:22.193432Z","1","unisex"
"e5dd151d-1c1f-4320-a3ed-fd7d298da218","17784A2D35","–ë–ª–µ–Ω–¥–µ—Ä —Ä—É—á–Ω–æ–π HR-2657","Philips","–ú–∏–∫—Å–µ—Ä—ã, –±–ª–µ–Ω–¥–µ—Ä—ã","1750.00","","true","{""single_option"": {""stock"": 1}}","f1cc3c6e-9f5c-4152-86f3-e5352d1a311e","cb7e57cd-56ce-4f93-beee-d721d1be7f89","Viva Collection
–ü–æ–≥—Ä—É–∂–Ω–æ–π –±–ª–µ–Ω–¥–µ—Ä —Å —Ç–µ—Ö–Ω–æ–ª–æ–≥–∏–µ–π ProMix

–ë–æ–ª—å—à–µ –Ω–∞—Å–∞–¥–æ–∫ ‚Äì –±–æ–ª—å—à–µ –ø–æ–ª–µ–∑–Ω—ã—Ö –±–ª—é–¥!
–ù–æ–≤—ã–µ –ø–æ–≥—Ä—É–∂–Ω—ã–µ –±–ª–µ–Ω–¥–µ—Ä—ã –∏–∑ –∫–æ–ª–ª–µ–∫—Ü–∏–∏ ProMix Viva —Å —Ä–∞–∑–ª–∏—á–Ω—ã–º–∏ –∞–∫—Å–µ—Å—Å—É–∞—Ä–∞–º–∏ –ø–æ–º–æ–≥—É—Ç –≤–∞–º —Ä–∞–∑–Ω–æ–æ–±—Ä–∞–∑–∏—Ç—å –º–µ–Ω—é –ø–∏—Ç–∞—Ç–µ–ª—å–Ω—ã–º–∏ –±–ª—é–¥–∞–º–∏.

–•–∞—Ä–∞–∫—Ç–µ—Ä–∏—Å—Ç–∏–∫–∏

–û—Å–Ω–æ–≤–Ω–æ–π –º–∞—Ç–µ—Ä–∏–∞–ª:–ü–ª–∞—Å—Ç–∏–∫
–î–æ–ø–æ–ª–Ω–∏—Ç–µ–ª—å–Ω—ã–π –º–∞—Ç–µ—Ä–∏–∞–ª: –ú–µ—Ç–∞–ª–ª
–§—É–Ω–∫—Ü–∏–∏: —Å–º–µ—à–∏–≤–∞–Ω–∏–µ, –∏–∑–º–µ–ª—å—á–µ–Ω–∏–µ, –≤–∑–±–∏–≤–∞–Ω–∏–µ, —Å–ø–∏—Ä–∞–ª–∞–π–∑–µ—Ä
–î–ª–∏–Ω–∞ —à–Ω—É—Ä–∞: 1,2m
–¢–µ—Ö–Ω–æ–ª–æ–≥–∏—è: ProMix, SpeedTouch
–ù–µ–Ω–∞–≥—Ä–µ–≤–∞—é—â–∏–µ—Å—è —Ä—É—á–∫–∏: –î–∞
–ú–æ–∂–Ω–æ –º—ã—Ç—å –≤ –ø–æ—Å—É–¥–æ–º–æ–µ—á–Ω–æ–π –º–∞—à–∏–Ω–µ: –î–∞
–ò–Ω–¥–∏–∫–∞—Ç–æ—Ä –µ–º–∫–æ—Å—Ç–∏: –î–∞
–ú–∞—Ç–µ—Ä–∏–∞–ª –∫—É–≤—à–∏–Ω–∞: –ü–ª–∞—Å—Ç–∏–∫ (SAN)
–ú–∞—Ç–µ—Ä–∏–∞–ª –ª–µ–∑–≤–∏—è: –ù–µ—Ä–∂–∞–≤–µ—é—â–∞—è —Å—Ç–∞–ª—å
–û–±–æ—Ä–æ—Ç–æ–≤ –≤ –º–∏–Ω—É—Ç—É: 11 500
","2025-05-18T18:17:22.193432Z","2025-05-18T18:17:22.193432Z","1","unisex"
"accde4c7-ec88-4b26-b02b-16d39afdc949","45C4F53352","–ü—ã–ª–µ—Å–æ—Å –±–µ—Å–ø—Ä–æ–≤–æ–¥–Ω–æ–π TY6543","Tefal","–ü—ã–ª–µ—Å–æ—Å—ã","2380.00","","true","{""single_option"": {""stock"": 1}}","ca811d65-cf0e-4e79-9e92-57d0169ed3a7","899c7832-0a0b-4c02-9826-b7a32e178171","–ë–µ—Å–ø—Ä–æ–≤–æ–¥–Ω–æ–π –ø—ã–ª–µ—Å–æ—Å Tefal —Å–æ–∑–¥–∞–Ω –¥–ª—è —Ç–æ–≥–æ, —á—Ç–æ–±—ã –¥–∞—Ä–∏—Ç—å –≤–∞–º –Ω–æ–≤—ã–π, –ø—Ä–∏—è—Ç–Ω—ã–π –æ–ø—ã—Ç —ç—Ñ—Ñ–µ–∫—Ç–∏–≤–Ω–æ–π —É–±–æ—Ä–∫–∏ –≤—Å–µ–π –∫–≤–∞—Ä—Ç–∏—Ä—ã –æ—Ç –ø–æ–ª–∞ –¥–æ –ø–æ—Ç–æ–ª–∫–∞. –ú–æ—â–Ω—ã–π –º–æ—Ç–æ—Ä —Å–æ—á–µ—Ç–∞–µ—Ç—Å—è —Å —É–¥–æ–±–Ω—ã–º, —ç—Ä–≥–æ–Ω–æ–º–∏—á–Ω—ã–º –∏ –ª–µ–≥–∫–∏–º –∫–æ—Ä–ø—É—Å–æ–º –≤ —Ä—É—á–Ω–æ–º —Ä–µ–∂–∏–º–µ, –∏—Å–∫–ª—é—á–∏—Ç–µ–ª—å–Ω–æ–π –∞–≤—Ç–æ–Ω–æ–º–Ω–æ—Å—Ç—å—é –∏ –≤—ã—Å–æ–∫–æ—ç—Ñ—Ñ–µ–∫—Ç–∏–≤–Ω–æ–π –Ω–∞—Å–∞–¥–∫–æ–π —Å LED –ø–æ–¥—Å–≤–µ—Ç–∫–æ–π –¥–ª—è –≥–ª—É–±–æ–∫–æ–π –æ—á–∏—Å—Ç–∫–∏ –ª—é–±—ã—Ö –Ω–∞–ø–æ–ª—å–Ω—ã—Ö –ø–æ–∫—Ä—ã—Ç–∏–π. –ü—ã–ª–µ—Å–æ—Å –ø–æ–∑–≤–æ–ª—è–µ—Ç –ª–µ–≥–∫–æ –∏ –±—ã—Å—Ç—Ä–æ –¥–æ–±–∏—Ç—å—Å—è –∏–¥–µ–∞–ª—å–Ω–æ–π —á–∏—Å—Ç–æ—Ç—ã –≤–æ –≤—Å–µ–º –¥–æ–º–µ.","2025-05-18T17:56:17.262932Z","2025-05-18T17:56:17.262932Z","5","unisex"
"4dd3a99e-2d48-4722-a948-b5ffc7d2eaa0","341723355A","–§—Ä–∏—Ç—é—Ä–Ω–∏—Ü–∞ FF220040","Tefal","–§—Ä–∏—Ç—é—Ä–Ω–∏—Ü—ã","1250.00","","true","{""single_option"": {""stock"": 2}}","ca811d65-cf0e-4e79-9e92-57d0169ed3a7","2497abe1-03ee-4d85-8f07-8d4c9bd6576c","–ü–æ–±–∞–ª—É–π—Ç–µ —Å–µ–±—è –∏ –±–ª–∏–∑–∫–∏—Ö –¥–µ–π—Å—Ç–≤–∏—Ç–µ–ª—å–Ω–æ –≤–∫—É—Å–Ω–æ–π –∫–∞—Ä—Ç–æ—à–∫–æ–π-—Ñ—Ä–∏ –≤–º–µ—Å—Ç–µ —Å —Ñ—Ä–∏—Ç—é—Ä–Ω–∏—Ü–µ–π Minifryer –æ—Ç Tefal. –ö–æ—Ä–ø—É—Å —É—Å—Ç—Ä–æ–π—Å—Ç–≤–∞ –≤—ã–ø–æ–ª–Ω–µ–Ω –∏–∑ –Ω–µ—Ä–∂–∞–≤–µ—é—â–µ–π —Å—Ç–∞–ª–∏ –∏ –∏–º–µ–µ—Ç —É–¥–æ–±–Ω—ã–µ —Ä—É—á–∫–∏ –¥–ª—è –ø–µ—Ä–µ–Ω–æ—Å–∫–∏, –∞ –≤–º–µ—Å—Ç–∏—Ç–µ–ª—å–Ω–∞—è —á–∞—à–∞ –∏–º–µ–µ—Ç –∞–Ω—Ç–∏–ø—Ä–∏–≥–∞—Ä–Ω–æ–µ –ø–æ–∫—Ä—ã—Ç–∏–µ, —á—Ç–æ –ø—Ä–µ–¥–æ—Ç–≤—Ä–∞—â–∞–µ—Ç –ø—Ä–∏–≥–æ—Ä–∞–Ω–∏–µ –µ–¥—ã –ø—Ä–∏ –ø—Ä–∏–≥–æ—Ç–æ–≤–ª–µ–Ω–∏–∏. –° –ø–æ–º–æ—â—å—é —Å–ø–µ—Ü–∏–∞–ª—å–Ω–æ–≥–æ —Å–º–æ—Ç—Ä–æ–≤–æ–≥–æ –æ–∫–Ω–∞ –≤ –∫—Ä—ã—à–∫–µ —É—Å—Ç—Ä–æ–π—Å—Ç–≤–∞ –≤—ã –ª–µ–≥–∫–æ —Å–º–æ–∂–µ—Ç–µ –Ω–∞–±–ª—é–¥–∞—Ç—å –∑–∞ –ø—Ä–æ—Ü–µ—Å—Å–æ–º –ø—Ä–∏–≥–æ—Ç–æ–≤–ª–µ–Ω–∏—è –ª—é–±–∏–º—ã—Ö –±–ª—é–¥. –ê –±–ª–∞–≥–æ–¥–∞—Ä—è –µ–µ –∫–æ–º–ø–∞–∫—Ç–Ω—ã–º —Ä–∞–∑–º–µ—Ä–∞–º —Ñ—Ä–∏—Ç—é—Ä–Ω–∏—Ü—É –º–æ–∂–Ω–æ —É–¥–æ–±–Ω–æ —Ö—Ä–∞–Ω–∏—Ç—å –¥–∞–∂–µ –≤ –Ω–µ–±–æ–ª—å—à–æ–π –∫—É—Ö–Ω–µ –∏–ª–∏ –±—Ä–∞—Ç—å —Å —Å–æ–±–æ–π –Ω–∞ –¥–∞—á—É.

–•–∞—Ä–∞–∫—Ç–µ—Ä–∏—Å—Ç–∏–∫–∏:

–ú–∞–∫—Å–∏–º–∞–ª—å–Ω—ã–π –æ–±—ä–µ–º –º–∞—Å–ª–∞: 1 –ª
–ú–∞–∫—Å–∏–º–∞–ª—å–Ω—ã–π –≤–µ—Å –∏–Ω–≥—Ä–µ–¥–∏–µ–Ω—Ç–æ–≤: 0.6 –∫–≥
–û–∫–æ—à–∫–æ –¥–ª—è –∫–æ–Ω—Ç—Ä–æ–ª—è –ø—Ä–∏–≥–æ—Ç–æ–≤–ª–µ–Ω–∏—è: –î–∞
–†–µ–≥—É–ª–∏—Ä—É–µ–º—ã–π —Ç–µ—Ä–º–æ—Å—Ç–∞—Ç: –î–∞
–ê–Ω—Ç–∏–ø—Ä–∏–≥–∞—Ä–Ω–æ–µ –ø–æ–∫—Ä—ã—Ç–∏–µ —á–∞—à–∏: –î–∞
–î–æ–ø–æ–ª–Ω–∏—Ç–µ–ª—å–Ω—ã–µ –∞–∫—Å–µ—Å—Å—É–∞—Ä—ã: –ö–æ—Ä–∑–∏–Ω–∞ –¥–ª—è –∂–∞—Ä–∫–∏","2025-05-18T17:56:17.262932Z","2025-05-18T17:56:17.262932Z","10","unisex"
"3804c599-1e8b-4602-88ee-38a197eabc11","A2CA9D624B","–û—Ç–ø–∞—Ä–∏–≤–∞—Ç–µ–ª—å IT3420","Tefal","–û—Ç–ø–∞—Ä–∏–≤–∞—Ç–µ–ª–∏","5400.00","","true","{""single_option"": {""stock"": 2}}","ca811d65-cf0e-4e79-9e92-57d0169ed3a7","074bb900-302a-4648-8a0b-7d4114b1d689","–ü–æ–ª—É—á–∏—Ç–µ –∏–¥–µ–∞–ª—å–Ω—ã–π —Ä–µ–∑—É–ª—å—Ç–∞—Ç —Ä–∞–∑–≥–ª–∞–∂–∏–≤–∞–Ω–∏—è –Ω–∞ –≤—Å–µ—Ö —Ç–∏–ø–∞—Ö —Ç–∫–∞–Ω–µ–π —Å –º–æ—â–Ω—ã–º –æ—Ç–ø–∞—Ä–∏–≤–∞—Ç–µ–ª–µ–º –¥–ª—è –æ–¥–µ–∂–¥—ã Tefal Pro Style Care. –ï–≥–æ —Å–≤–µ—Ä—Ö–º–æ—â–Ω—ã–π –ø–∞—Ä –¥–æ 42 –≥/–º–∏–Ω –ª–µ–≥–∫–æ –∏ –±—ã—Å—Ç—Ä–æ —Ä–∞–∑–≥–ª–∞–∂–∏–≤–∞–µ—Ç –ª—é–±—ã–µ —Å–∫–ª–∞–¥–∫–∏, –∞ –∑–∞–ø–∞—Ç–µ–Ω—Ç–æ–≤–∞–Ω–Ω–∞—è —Å–∏—Å—Ç–µ–º–∞ –≤–µ—Ä—Ç–∏–∫–∞–ª—å–Ω–æ–π –ø–æ–¥–¥–µ—Ä–∂–∫–∏ Press & Steam –æ—Ç Tefal –æ–±–µ—Å–ø–µ—á–∏–≤–∞–µ—Ç –¥–æ–ø–æ–ª–Ω–∏—Ç–µ–ª—å–Ω—ã–π –∫–æ–º—Ñ–æ—Ä—Ç –≤ —É—Ö–æ–¥–µ –∑–∞ –≤–µ—â–∞–º–∏. –û—Ç–∫—Ä–æ–π—Ç–µ –¥–ª—è —Å–µ–±—è –Ω–∞–¥–µ–∂–Ω—ã–π –æ—Ç–ø–∞—Ä–∏–≤–∞—Ç–µ–ª—å, –∫–æ—Ç–æ—Ä—ã–π –∏–¥–µ–∞–ª—å–Ω–æ —Ä–∞–∑–≥–ª–∞–¥–∏—Ç, –æ—Å–≤–µ–∂–∏—Ç –∏ –ø—Ä–æ–¥–µ–∑–∏–Ω—Ñ–∏—Ü–∏—Ä—É–µ—Ç –≤–∞—à—É –æ–¥–µ–∂–¥—É.","2025-05-18T17:56:17.262932Z","2025-05-18T17:56:17.262932Z","5","unisex"
"2471d0ac-4152-476a-bdad-ccbfe3d0dcf2","A048853020","–≠–ª–µ–∫—Ç—Ä–∏—á–µ—Å–∫–∏–π —á–∞–π–Ω–∏–∫ HD-9318","Philips","–≠–ª–µ–∫—Ç—Ä–∏—á–µ—Å–∫–∏–µ —á–∞–π–Ω–∏–∫–∏","510.00","","true","{""single_option"": {""stock"": 5}}","f1cc3c6e-9f5c-4152-86f3-e5352d1a311e","362609f6-ee1b-4677-9695-2372689fd2b0","–≠–ª–µ–∫—Ç—Ä–æ—á–∞–π–Ω–∏–∫ Philips HD9318/20 ‚àí —ç—Ç–æ —Ñ—É–Ω–∫—Ü–∏–æ–Ω–∞–ª—å–Ω—ã–π –ø—Ä–∏–±–æ—Ä, –æ–±–ª–∞–¥–∞—é—â–∏–π —Å—Ç–∏–ª—å–Ω—ã–º –¥–∏–∑–∞–π–Ω–æ–º –∏ —ç–ª–µ–º–µ–Ω—Ç–∞–º–∏, –∫–æ—Ç–æ—Ä—ã–µ –æ–±–µ—Å–ø–µ—á–∏–≤–∞—é—Ç –µ–≥–æ –∫–æ–º—Ñ–æ—Ä—Ç–Ω—É—é —ç–∫—Å–ø–ª—É–∞—Ç–∞—Ü–∏—é. –ú–æ—â–Ω–æ—Å—Ç—å –ø—Ä–∏–±–æ—Ä–∞ –¥–æ—Å—Ç–∏–≥–∞–µ—Ç 2200 –í—Ç, —á—Ç–æ –ø–æ–∑–≤–æ–ª—è–µ—Ç –µ–º—É –∑–∞ —Å—á–∏—Ç–∞–Ω–Ω—ã–µ –º–∏–Ω—É—Ç—ã –¥–æ–≤–æ–¥–∏—Ç—å –≤–æ–¥—É –¥–æ —Å–æ—Å—Ç–æ—è–Ω–∏—è –∫–∏–ø–µ–Ω–∏—è. –ù–∞ –æ–¥–Ω–æ–π –∏–∑ —Å—Ç–æ—Ä–æ–Ω –∫–æ—Ä–ø—É—Å–∞ –ø—Ä–µ–¥—É—Å–º–æ—Ç—Ä–µ–Ω–∞ —à–∫–∞–ª–∞ —É—Ä–æ–≤–Ω—è –≤–æ–¥—ã, –Ω–∞–Ω–µ—Å–µ–Ω–Ω–∞—è –Ω–∞ –ø—Ä–æ–∑—Ä–∞—á–Ω–æ–µ –≤–µ—Ä—Ç–∏–∫–∞–ª—å–Ω–æ–µ –æ–∫–æ—à–∫–æ. –î–æ–ø–æ–ª–Ω–∏—Ç–µ–ª—å–Ω–æ –Ω–∞ —à–∫–∞–ª–µ –ø—Ä–∏—Å—É—Ç—Å—Ç–≤—É–µ—Ç —É–∫–∞–∑–∞–Ω–∏–µ –∫–æ–ª–∏—á–µ—Å—Ç–≤–∞ —á–∞—à–µ–∫, –¥–ª—è –ø—Ä–∏–≥–æ—Ç–æ–≤–ª–µ–Ω–∏—è –∫–æ—Ç–æ—Ä—ã—Ö –±—É–¥–µ—Ç –¥–æ—Å—Ç–∞—Ç–æ—á–Ω–æ –≤–æ–¥—ã, —Å–æ–¥–µ—Ä–∂–∞—â–µ–π—Å—è –≤ —á–∞–π–Ω–∏–∫–µ. –û–±—ä–µ–º –≤–Ω—É—Ç—Ä–µ–Ω–Ω–µ–π –∫–æ–ª–±—ã —Å–æ–æ—Ç–≤–µ—Ç—Å—Ç–≤—É–µ—Ç 1.7 –ª.
–ö–æ–Ω—Å—Ç—Ä—É–∫—Ü–∏—è Philips HD9318/20 –ø—Ä–µ–¥–ø–æ–ª–∞–≥–∞–µ—Ç –∑–∞–∫—Ä—ã—Ç—ã–π —ç–ª–µ–º–µ–Ω—Ç –Ω–∞–≥—Ä–µ–≤–∞, —á—Ç–æ –ø–æ–∑–≤–æ–ª–∏–ª–æ –ø—Ä–æ–∏–∑–≤–æ–¥–∏—Ç–µ–ª—é —Å–¥–µ–ª–∞—Ç—å –ø–ª–æ—Å–∫–æ–µ –¥–Ω–æ, –∑–∞—â–∏—Ç–∏–≤ —ç–ª–µ–º–µ–Ω—Ç –æ—Ç –∫–æ–Ω—Ç–∞–∫—Ç–∞ —Å –≤–æ–¥–æ–π –∏ –æ–±—Ä–∞–∑–æ–≤–∞–Ω–∏—è –Ω–∞–∫–∏–ø–∏. –ß–∞–π–Ω–∏–∫ –ø—Ä–µ–¥—Å—Ç–∞–≤–ª–µ–Ω –≤ —á–µ—Ä–Ω–æ–º –ø–ª–∞—Å—Ç–∏–∫–æ–≤–æ–º –∫–æ—Ä–ø—É—Å–µ —Å —É–¥–æ–±–Ω—ã–º –Ω–æ—Å–∏–∫–æ–º. –ì–∏–±–∫–∏–π –Ω–µ–π–ª–æ–Ω–æ–≤—ã–π —Ñ–∏–ª—å—Ç—Ä, –ø–æ–º–µ—â–µ–Ω–Ω—ã–π –≤ –Ω–æ—Å–∏–∫, –∑–∞—â–∏—â–∞–µ—Ç –æ—Ç –ø–æ–ø–∞–¥–∞–Ω–∏—è –Ω–∞–∫–∏–ø–∏ –≤ —á–∞—à–∫—É. –§–∏–ª—å—Ç—Ä –ª–µ–≥–∫–æ –≤—ã–Ω–∏–º–∞–µ—Ç—Å—è –¥–ª—è –æ—á–∏—Å—Ç–∫–∏ –æ—Ç —Å–∫–æ–ø–ª–µ–Ω–∏—è —á–∞—Å—Ç–∏—Ü –Ω–∞–∫–∏–ø–∏. –û—Ç –≤—ã–∫–∏–ø–∞–Ω–∏—è –≤–æ–¥—ã —É—Å—Ç—Ä–æ–π—Å—Ç–≤–æ –∑–∞—â–∏—â–∞–µ—Ç –∞–≤—Ç–æ–º–∞—Ç–∏—á–µ—Å–∫–æ–µ –æ—Ç–∫–ª—é—á–µ–Ω–∏–µ –ø–æ—Å–ª–µ –∑–∞–∫–∏–ø–∞–Ω–∏—è –≤–æ–¥—ã.

–•–∞—Ä–∞–∫—Ç–µ—Ä–∏—Å—Ç–∏–∫–∏

–û–±—ä–µ–º: 1.7 –ª
–ú–æ—â–Ω–æ—Å—Ç—å: 2200 –í—Ç
–ú–∞—Ç–µ—Ä–∏–∞–ª –∫–æ—Ä–ø—É—Å–∞: –ø–ª–∞—Å—Ç–∏–∫
–î–ª–∏–Ω–∞ —Å–µ—Ç–µ–≤–æ–≥–æ —à–Ω—É—Ä–∞: 0.75 –º
","2025-05-18T18:17:22.193432Z","2025-05-18T18:17:22.193432Z","5","unisex"
"c75c411b-cb46-4570-9062-bd367d90c8dd","B65C27B6C7","–§—Ä–∏—Ç—é—Ä–Ω–∏—Ü–∞ FH-2394","DeLonghi","–§—Ä–∏—Ç—é—Ä–Ω–∏—Ü—ã","3800.00","","true","{""single_option"": {""stock"": 2}}","a553c096-626b-429a-b0c9-b64664e31036","2497abe1-03ee-4d85-8f07-8d4c9bd6576c","–§—Ä–∏—Ç—é—Ä–Ω–∏—Ü–∞ Delonghi FH2394.BK –ø–æ–∑–≤–æ–ª—è–µ—Ç –≥–æ—Ç–æ–≤–∏—Ç—å —Ä–∞–∑–ª–∏—á–Ω—ã–µ –ø—Ä–æ–¥—É–∫—Ç—ã –≤–æ —Ñ—Ä–∏—Ç—é—Ä–µ ‚Äì –∫–∞—Ä—Ç–æ—Ñ–µ–ª—å, –º—è—Å–æ, –∑–∞–∫—É—Å–∫–∏, –≤—ã–ø–µ—á–∫—É. –î–∞–Ω–Ω–∞—è –º–æ–¥–µ–ª—å —Ö–∞—Ä–∞–∫—Ç–µ—Ä–∏–∑—É–µ—Ç—Å—è –≤–º–µ—Å—Ç–∏—Ç–µ–ª—å–Ω–æ–π —á–∞—à–µ–π —Å –∞–Ω—Ç–∏–ø—Ä–∏–≥–∞—Ä–Ω—ã–º –∫–µ—Ä–∞–º–∏—á–µ—Å–∫–∏–º –ø–æ–∫—Ä—ã—Ç–∏–µ–º –∏ 4 —Ä–µ–∂–∏–º–∞–º–∏ —Ç–µ–º–ø–µ—Ä–∞—Ç—É—Ä—ã —Å –ø–ª–∞–≤–Ω–æ–π —Ä–µ–≥—É–ª–∏—Ä–æ–≤–∫–æ–π. –ü–æ—Å—Ä–µ–¥—Å—Ç–≤–æ–º —ç–ª–µ–∫—Ç—Ä–æ–Ω–Ω–æ–≥–æ —Ç–∞–π–º–µ—Ä–∞ –º–æ–∂–Ω–æ —É—Å—Ç–∞–Ω–∞–≤–ª–∏–≤–∞—Ç—å –æ–ø—Ä–µ–¥–µ–ª–µ–Ω–Ω–æ–µ –≤—Ä–µ–º—è –ø—Ä–∏–≥–æ—Ç–æ–≤–ª–µ–Ω–∏—è, –∞ –ø–æ –∑–∞–≤–µ—Ä—à–µ–Ω–∏—é –∑–∞–¥–∞–Ω–Ω–æ–≥–æ –≤—Ä–µ–º–µ–Ω–∏ –ø—Ä–∏–±–æ—Ä –æ—Ç–∫–ª—é—á–∞–µ—Ç—Å—è –∞–≤—Ç–æ–º–∞—Ç–∏—á–µ—Å–∫–∏. –° –ø–æ–º–æ—â—å—é —Å–º–æ—Ç—Ä–æ–≤–æ–≥–æ –æ–∫–Ω–∞ –º–æ–∂–Ω–æ –≤–∏–∑—É–∞–ª—å–Ω–æ –∫–æ–Ω—Ç—Ä–æ–ª–∏—Ä–æ–≤–∞—Ç—å —Å—Ç–µ–ø–µ–Ω—å –≥–æ—Ç–æ–≤–Ω–æ—Å—Ç–∏. –ù–æ–∂–∫–∏ –Ω–∞ –æ—Å–Ω–æ–≤–∞–Ω–∏–∏ –∫–æ—Ä–ø—É—Å–∞ Delonghi FH2394.BK –∏–∑ –Ω–µ—Å–∫–æ–ª—å–∑—è—â–µ–≥–æ –º–∞—Ç–µ—Ä–∏–∞–ª–∞ –≥–∞—Ä–∞–Ω—Ç–∏—Ä—É—é—Ç —É—Å—Ç–æ–π—á–∏–≤–æ–µ —Ä–∞–∑–º–µ—â–µ–Ω–∏–µ –ø—Ä–∏–±–æ—Ä–∞.

–•–∞—Ä–∞–∫—Ç–µ—Ä–∏—Å—Ç–∏–∫–∏

–û—Å–Ω–æ–≤–Ω–æ–π —Ü–≤–µ—Ç: —á–µ—Ä–Ω—ã–π
–ú–∞—Ç–µ—Ä–∏–∞–ª –∫–æ—Ä–ø—É—Å–∞: –ø–ª–∞—Å—Ç–∏–∫
–ù–∞–≥—Ä–µ–≤–∞—Ç–µ–ª—å–Ω—ã–π —ç–ª–µ–º–µ–Ω—Ç: –æ—Ç–∫—Ä—ã—Ç—ã–π
–°—ä–µ–º–Ω–∞—è —á–∞—à–∞: –µ—Å—Ç—å
–ü–ª–∞–≤–Ω–∞—è —Ä–µ–≥—É–ª–∏—Ä–æ–≤–∫–∞ —Ç–µ–º–ø–µ—Ä–∞—Ç—É—Ä—ã: –µ—Å—Ç—å
–¢–∞–π–º–µ—Ä: –µ—Å—Ç—å","2025-05-18T18:26:42.494758Z","2025-05-18T18:26:42.494758Z","5","unisex"
"1d2c3700-ed8b-4990-b006-e4353cf976a2","D86D35C84A","–§–µ–Ω-—â–µ—Ç–∫–∞ –¥–ª—è –≤–æ–ª–æ—Å AS 720","Braun","–§–µ–Ω—ã –¥–ª—è –≤–æ–ª–æ—Å","1260.00","","true","{""single_option"": {""stock"": 3}}","b53af3e0-d1b6-4552-b012-afd2c42c9e28","ef56b400-95cc-4656-a7ca-04a50fd288a7","–°—Ç–∞–π–ª–µ—Ä –¥–ª—è —É–∫–ª–∞–¥–∫–∏ Braun Satin Hair 7 —Å —Ñ—É–Ω–∫—Ü–∏–µ–π –∏–æ–Ω–∏–∑–∞—Ü–∏–∏ IONTEC –Ω–∞–ø–æ–ª–Ω—è–µ—Ç –≤–æ–ª–æ—Å—ã –º–∏–ª–ª–∏–æ–Ω–∞–º–∏ –∞–∫—Ç–∏–≤–Ω—ã—Ö –∏–æ–Ω–æ–≤. –û–Ω–∏ –º–≥–Ω–æ–≤–µ–Ω–Ω–æ —É—Å—Ç—Ä–∞–Ω—è—é—Ç —Å—Ç–∞—Ç–∏—á–µ—Å–∫–æ–µ —ç–ª–µ–∫—Ç—Ä–∏—á–µ—Å—Ç–≤–æ, —Å–æ–∑–¥–∞–≤–∞–µ–º–æ–µ –æ–±—ã—á–Ω—ã–º–∏ —Å—Ç–∞–π–ª–µ—Ä–∞–º–∏ –¥–ª—è —É–∫–ª–∞–¥–∫–∏. –í–æ–ª–æ—Å—ã —Å—Ç–∞–Ω–æ–≤—è—Ç—Å—è –±–æ–ª–µ–µ —Ä–æ–≤–Ω—ã–º–∏ –∏ –≥–ª–∞–¥–∫–∏–º–∏, –∏–∑–ª—É—á–∞—è –∑–∞–º–µ—Ç–Ω–æ –±–æ–ª—å—à–µ –±–ª–µ—Å–∫–∞.

–•–∞—Ä–∞–∫—Ç–µ—Ä–∏—Å—Ç–∏–∫–∏:

–¢–∏–ø —É–∫–ª–∞–¥–∫–∏: —Å—É—à–∫–∞ –∏ —É–∫–ª–∞–¥–∫–∞
–§—É–Ω–∫—Ü–∏—è –∏–æ–Ω–∏–∑–∞—Ü–∏–∏:	+
–§—É–Ω–∫—Ü–∏—è —Ö–æ–ª–æ–¥–Ω—ã–π –≤–æ–∑–¥—É—Ö:	+
–ö–æ–ª–∏—á–µ—Å—Ç–≤–æ —Ç–µ–º–ø–µ—Ä–∞—Ç—É—Ä–Ω—ã—Ö —Ä–µ–∂–∏–º–æ–≤: 2
–¶–≤–µ—Ç: —á–µ—Ä–Ω—ã–π
–ú–æ—â–Ω–æ—Å—Ç—å (–í—Ç):	700

–ö–æ–º–ø–ª–µ–∫—Ç–∞—Ü–∏—è:

–ù–∞—Å–∞–¥–∫–∞ —Ä–∞—Å—á–µ—Å–∫–∞:	+
–ë–æ–ª—å—à–∞—è –∫—Ä—É–≥–ª–∞—è —â–µ—Ç–∫–∞ 38 –º–º:	+
–ò–Ω—Å—Ç—Ä—É–∫—Ü–∏—è –ø–æ —ç–∫—Å–ø–ª—É–∞—Ç–∞—Ü–∏–∏:	+
","2025-05-18T17:28:25.995157Z","2025-05-18T17:28:25.995157Z","4","unisex"
"ae6c7307-015f-4a40-a434-0e53070b857e","EE5272368E","–≠–ª–µ–∫—Ç—Ä–∏—á–µ—Å–∫–∏–π —á–∞–π–Ω–∏–∫ KO6931","Tefal","–≠–ª–µ–∫—Ç—Ä–∏—á–µ—Å–∫–∏–µ —á–∞–π–Ω–∏–∫–∏","890.00","","true","{""single_option"": {""stock"": 2}}","ca811d65-cf0e-4e79-9e92-57d0169ed3a7","362609f6-ee1b-4677-9695-2372689fd2b0","–ù–∞—Å–ª–∞–∂–¥–∞–π—Ç–µ—Å—å –ª—é–±–∏–º—ã–º–∏ –≥–æ—Ä—è—á–∏–º–∏ –Ω–∞–ø–∏—Ç–∫–∞–º–∏, –ø—Ä–∏–≥–æ—Ç–æ–≤–ª–µ–Ω–Ω—ã–º–∏ –ø—Ä–∏ –ø—Ä–∞–≤–∏–ª—å–Ω–æ–π —Ç–µ–º–ø–µ—Ä–∞—Ç—É—Ä–µ, —Å —Å–æ–≤—Ä–µ–º–µ–Ω–Ω—ã–º —ç–ª–µ–∫—Ç—Ä–∏—á–µ—Å–∫–∏–º —á–∞–π–Ω–∏–∫–æ–º Tefal. –ß–∞–π–Ω–∏–∫ –≤—ã–ø–æ–ª–Ω–µ–Ω –≤ —ç–ª–µ–≥–∞–Ω—Ç–Ω–æ–º –º–∏–Ω–∏–º–∞–ª–∏—Å—Ç–∏—á–Ω–æ–º –¥–∏–∑–∞–π–Ω–µ –∏ –æ—Å–Ω–∞—â–µ–Ω –≤—Å—Ç—Ä–æ–µ–Ω–Ω—ã–º —Å–∫—Ä—ã—Ç—ã–º —ç–ª–µ–∫—Ç—Ä–æ–Ω–Ω—ã–º –¥–∏—Å–ø–ª–µ–µ–º, –∫–æ—Ç–æ—Ä—ã–π –ø–æ–∫–∞–∑—ã–≤–∞–µ—Ç —Ç–µ–º–ø–µ—Ä–∞—Ç—É—Ä—É –≤–æ–¥—ã –≤–Ω—É—Ç—Ä–∏ —á–∞–π–Ω–∏–∫–∞ –≤ —Ä–µ–∂–∏–º–µ —Ä–µ–∞–ª—å–Ω–æ–≥–æ –≤—Ä–µ–º–µ–Ω–∏..

–•–∞—Ä–∞–∫—Ç–µ—Ä–∏—Å—Ç–∏–∫–∏:

–ú–∞—Ç–µ—Ä–∏–∞–ª –∫–æ—Ä–ø—É—Å–∞: –ü–ª–∞—Å—Ç–∏–∫
–ú–æ—â–Ω–æ—Å—Ç—å: 1800 –í—Ç
–û–±—ä–µ–º: 1.5 –ª
–ö–æ–ª–∏—á–µ—Å—Ç–≤–æ —Ç–µ–º–ø–µ—Ä–∞—Ç—É—Ä–Ω—ã—Ö —Ä–µ–∂–∏–º–æ–≤: 5
–ó–∞—â–∏—Ç–∞ –æ—Ç –æ–∂–æ–≥–æ–≤: –î–≤–æ–π–Ω—ã–µ —Å—Ç–µ–Ω–∫–∏","2025-05-18T17:56:17.262932Z","2025-05-18T17:56:17.262932Z","5","unisex"
"5bf4c8e0-e7b8-48d5-a7c5-9ac28daab233","7B23BECE50","–≠–ª–µ–∫—Ç—Ä–∏—á–µ—Å–∫–∏–π —á–∞–π–Ω–∏–∫ WK 5110","Braun","–≠–ª–µ–∫—Ç—Ä–∏—á–µ—Å–∫–∏–µ —á–∞–π–Ω–∏–∫–∏","1080.00","","true","{""single_option"": {""stock"": 6}}","b53af3e0-d1b6-4552-b012-afd2c42c9e28","362609f6-ee1b-4677-9695-2372689fd2b0","Braun ID ‚Äî –ö–æ–ª–ª–µ–∫—Ü–∏—è –∑–∞–≤—Ç—Ä–∞–∫–æ–≤.

–ù–∞—á–Ω–∏—Ç–µ –¥–µ–Ω—å –ø–æ-—Å–≤–æ–µ–º—É.
–ó–∞–≤—Ç—Ä–∞–∫ —Å–¥–µ–ª–∞–Ω —Ç–∞–∫, –∫–∞–∫ –≤–∞–º –Ω—Ä–∞–≤–∏—Ç—Å—è. –ù–æ–≤—ã–π —á–∞–π–Ω–∏–∫ Braun ID Breakfast Collection WK 5110 –¥–ª—è –∑–∞–≤—Ç—Ä–∞–∫–∞ –ø–æ–∑–≤–æ–ª—è–µ—Ç –≤–∞–º –ø—Ä–∏–≥–æ—Ç–æ–≤–∏—Ç—å –º–∞–∫—Å–∏–º—É–º –ª—é–±–∏–º—ã—Ö –Ω–∞–ø–∏—Ç–∫–æ–≤ –∫–∞–∂–¥–æ–µ —É—Ç—Ä–æ!

–•–∞—Ä–∞–∫—Ç–µ—Ä–∏—Å—Ç–∏–∫–∏:

–û–±—ä–µ–º: 1,7 –ª
–ú–æ—â–Ω–æ—Å—Ç—å: 3000 –í—Ç
–°–∏—Å—Ç–µ–º–∞ –±—ã—Å—Ç—Ä–æ–≥–æ –∑–∞–∫–∏–ø–∞–Ω–∏—è - 35 —Å–µ–∫—É–Ω–¥
–ö–∏–ø—è—á–µ–Ω–∏–µ –≤–æ–¥—ã –Ω–∞ 1 —á–∞—à–∫—É
–®–∏—Ä–æ–∫–∏–π –ø—Ä–∏–ø–æ–¥–Ω—è—Ç—ã–π –Ω–æ—Å–∏–∫: —É–¥–æ–±–Ω–æ –Ω–∞–ª–∏–≤–∞—Ç—å –≤–æ–¥—É –∏–∑-–ø–æ–¥ –∫—Ä–∞–Ω–∞
–°–∫—Ä—ã—Ç—ã–π –Ω–∞–≥—Ä–µ–≤–∞—Ç–µ–ª—å–Ω—ã–π —ç–ª–µ–º–µ–Ω—Ç –∏–∑ –Ω–µ—Ä–∂–∞–≤–µ—é—â–µ–π —Å—Ç–∞–ª–∏
4‚Äë—Ö —É—Ä–æ–≤–Ω–µ–≤–∞—è —Å–∏—Å—Ç–µ–º–∞ –±–µ–∑–æ–ø–∞—Å–Ω–æ—Å—Ç–∏ - –∞–≤—Ç–æ–æ—Ç–∫–ª—é—á–µ–Ω–∏–µ:
- –ø—Ä–∏ –∑–∞–∫–∏–ø–∞–Ω–∏–∏ –≤–æ–¥—ã
- –ø—Ä–∏ –æ—Ç—Å—É—Ç—Å—Ç–≤–∏–∏ –≤–æ–¥—ã
- –ø—Ä–∏ –ø–æ–¥—ä–µ–º–µ —á–∞–π–Ω–∏–∫–∞ —Å –±–∞–∑—ã
- –¥–æ–ø–æ–ª–Ω–∏—Ç–µ–ª—å–Ω–∞—è —Å—Ç–∞–±–∏–ª—å–Ω–æ—Å—Ç—å –ø—Ä–∏ –Ω–∞–∫–ª–æ–Ω–µ –∫–æ—Ä–ø—É—Å–∞ –Ω–∞ 15¬∞
–≠—Ä–≥–æ–Ω–æ–º–∏—á–Ω—ã–π –¥–∏–∑–∞–π–Ω:
- —É–¥–æ–±–Ω–∞—è –∫–Ω–æ–ø–∫–∞ —Å—Ç–∞—Ä—Ç–∞ / –≤—ã–∫–ª—é—á–µ–Ω–∏—è —Å –ø–æ–¥—Å–≤–µ—Ç–∫–æ–π
- –∫–æ–º—Ñ–æ—Ä—Ç–Ω–∞—è –æ—Ç–∫—Ä—ã—Ç–∞—è —Ä—É—á–∫–∞ –∏–∑ –ø—Ä–æ—Ä–µ–∑–∏–Ω–µ–Ω–Ω–æ–≥–æ –º–∞—Ç–µ—Ä–∏–∞–ª–∞
–°—ä–µ–º–Ω—ã–π, –º–æ—é—â–∏–π—Å—è —Ñ–∏–ª—å—Ç—Ä –æ—Ç –Ω–∞–∫–∏–ø–∏
–û—Å–Ω–æ–≤–∞–Ω–∏–µ: –≤—Ä–∞—â–µ–Ω–∏–µ 360¬∞
–ú–∞—Ç–µ—Ä–∏–∞–ª: –≤—ã—Å–æ–∫–æ–∫–∞—á–µ—Å—Ç–≤–µ–Ω–Ω—ã–π –ø–ª–∞—Å—Ç–∏–∫, –Ω–µ —Å–æ–¥–µ—Ä–∂–∏—Ç –±–∏—Å—Ñ–µ–Ω–æ–ª–∞
","2025-05-18T17:28:25.995157Z","2025-05-18T17:28:25.995157Z","4","unisex"
