id;title;description;gender;age_group;availability;inventory;condition;price;sale_price;link;image_link;brand;size;product_type;item_group_id
d02a51ec-232a-4764-91cb-2c6aa48d197f;Zielinski & Rozen Крем для рук Грейпфрут, Базилик, Петитгрейн;Крем для рук Грейпфрут, Базилик, Петитгрейн;unisex;adult;in stock;2;new;212.00 TJS;212.00 TJS;https://m.qu-qu.shop/product/15C932BADE;https://storage.googleapis.com/static.ququ.shop/img/product/600x866/15C932BADE-0.jpg;Zielinski & Rozen;size: one size;Крем для рук;15C932BADE
9684ba2f-051b-4926-b834-5f870b94a469;Zielinski & Rozen Крем для рук Грейпфрут, Пачули, Белая Роза;Крем для рук Грейпфрут, Пачули, Белая Роза;unisex;adult;in stock;2;new;212.00 TJS;212.00 TJS;https://m.qu-qu.shop/product/9D1BB3E57D;https://storage.googleapis.com/static.ququ.shop/img/product/600x866/9D1BB3E57D-0.jpg;Zielinski & Rozen;size: one size;Крем для рук;9D1BB3E57D
0cf9ab7f-be2d-49fb-af2d-69029c5b09d0;Zielinski & Rozen Крем для тела Ирис, Лилия, Ваниль (195мл);Крем для тела Ирис, Лилия, Ваниль (195мл);unisex;adult;in stock;2;new;474.00 TJS;474.00 TJS;https://m.qu-qu.shop/product/665E7BE573;https://storage.googleapis.com/static.ququ.shop/img/product/600x866/665E7BE573-0.jpg;Zielinski & Rozen;size: one size;Крем для тела;665E7BE573
dfe39d2e-bf12-4ee7-ac4f-375486091569;Zielinski & Rozen Крем для рук Розмарин, Лимон;Крем для рук Розмарин, Лимон;unisex;adult;in stock;2;new;212.00 TJS;212.00 TJS;https://m.qu-qu.shop/product/7EC69E852C;https://storage.googleapis.com/static.ququ.shop/img/product/600x866/7EC69E852C-0.jpg;Zielinski & Rozen;size: one size;Крем для рук;7EC69E852C
62d926b6-692f-4668-a982-c1e2da5183ca;Zielinski & Rozen Диффузор для ароматерапии Розмарин, Лимон (425мл);Диффузор для ароматерапии Розмарин, Лимон (425мл);unisex;adult;in stock;2;new;1823.00 TJS;1823.00 TJS;https://m.qu-qu.shop/product/49F3CDB9D1;https://storage.googleapis.com/static.ququ.shop/img/product/600x866/49F3CDB9D1-0.jpg;Zielinski & Rozen;size: one size;Диффузоры;49F3CDB9D1
4cd74c10-13a0-4d39-9e66-b23c09792ee3;Zielinski & Rozen Санитайзер для рук Розмарин, Лимон;Санитайзер для рук Розмарин, Лимон;unisex;adult;in stock;2;new;141.00 TJS;141.00 TJS;https://m.qu-qu.shop/product/1F4165B606;https://storage.googleapis.com/static.ququ.shop/img/product/600x866/1F4165B606-0.jpg;Zielinski & Rozen;size: one size;Антисептические средства;1F4165B606
24192fe3-81b4-45ee-9556-6a908d102a24;Zielinski & Rozen Гель для душа Табак, Ветивер, Амбра (300мл);Гель для душа Табак, Ветивер, Амбра (300мл);unisex;adult;in stock;2;new;307.00 TJS;307.00 TJS;https://m.qu-qu.shop/product/E0DF30B3DC;https://storage.googleapis.com/static.ququ.shop/img/product/600x866/E0DF30B3DC-0.jpg;Zielinski & Rozen;size: one size;Гель для душа;E0DF30B3DC
2f72d8f2-d9db-467e-8d86-a3e828a82117;Zielinski & Rozen Масло для тела Черная Ваниль;Масло для тела Черная Ваниль;unisex;adult;in stock;2;new;358.00 TJS;358.00 TJS;https://m.qu-qu.shop/product/3BC2E25DA7;https://storage.googleapis.com/static.ququ.shop/img/product/600x866/3BC2E25DA7-0.jpg;Zielinski & Rozen;size: one size;Масло для тела;3BC2E25DA7
258c0a00-f837-46f6-af71-30a8e2c53926;Zielinski & Rozen Крем для рук Лаванда, Ваниль, Амбра, Мускус;Крем для рук Лаванда, Ваниль, Амбра, Мускус;unisex;adult;in stock;2;new;212.00 TJS;212.00 TJS;https://m.qu-qu.shop/product/0C22ECA24E;https://storage.googleapis.com/static.ququ.shop/img/product/600x866/0C22ECA24E-0.jpg;Zielinski & Rozen;size: one size;Крем для рук;0C22ECA24E
52071a70-d2fb-4bfd-a906-a923d588b252;Zielinski & Rozen Диффузор для ароматерапии Иланг-иланг, Ветивер, Амбра (85мл);Диффузор для ароматерапии Иланг-иланг, Ветивер, Амбра (85мл);unisex;adult;in stock;2;new;513.00 TJS;513.00 TJS;https://m.qu-qu.shop/product/56A8FA57B6;https://storage.googleapis.com/static.ququ.shop/img/product/600x866/56A8FA57B6-0.jpg;Zielinski & Rozen;size: one size;Диффузоры;56A8FA57B6
9f725051-e6ae-4a1c-91e4-8d384a6f2a05;Zielinski & Rozen Крем для рук Кедр, Пачули, Жасмин;Крем для рук Кедр, Пачули, Жасмин;unisex;adult;in stock;2;new;212.00 TJS;212.00 TJS;https://m.qu-qu.shop/product/2D9858C042;https://storage.googleapis.com/static.ququ.shop/img/product/600x866/2D9858C042-0.jpg;Zielinski & Rozen;size: one size;Крем для рук;2D9858C042
410f3f82-de8b-4e38-8fb0-ba52db0aef57;Zielinski & Rozen Твердое мыло Табак, Кедр, Перец;Твердое мыло Табак, Кедр, Перец;unisex;adult;in stock;2;new;114.00 TJS;114.00 TJS;https://m.qu-qu.shop/product/5C2E9967C8;https://storage.googleapis.com/static.ququ.shop/img/product/600x866/5C2E9967C8-0.jpg;Zielinski & Rozen;size: one size;Твердое мыло;5C2E9967C8
6ea8dd54-3037-4e64-9d52-a93e2bedbb7c;Zielinski & Rozen Диффузор для ароматерапии Черная Ваниль (850мл);Диффузор для ароматерапии Черная Ваниль (850мл);unisex;adult;in stock;2;new;3182.00 TJS;3182.00 TJS;https://m.qu-qu.shop/product/80E47F6291;https://storage.googleapis.com/static.ququ.shop/img/product/600x866/80E47F6291-0.jpg;Zielinski & Rozen;size: one size;Диффузоры;80E47F6291
ee5c476f-92f0-42d2-a70d-301a0506fc40;Zielinski & Rozen Крем для рук Амбра, Пачули;Крем для рук Амбра, Пачули;unisex;adult;in stock;2;new;212.00 TJS;212.00 TJS;https://m.qu-qu.shop/product/FC50BE0E5C;https://storage.googleapis.com/static.ququ.shop/img/product/600x866/FC50BE0E5C-0.jpg;Zielinski & Rozen;size: one size;Крем для рук;FC50BE0E5C
4b29caea-dd1c-4471-a5b1-e14fd988298a;Zielinski & Rozen Масло для тела Апельсин, Жасмин;Масло для тела Апельсин, Жасмин;unisex;adult;in stock;2;new;358.00 TJS;358.00 TJS;https://m.qu-qu.shop/product/F13D042ACE;https://storage.googleapis.com/static.ququ.shop/img/product/600x866/F13D042ACE-0.jpg;Zielinski & Rozen;size: one size;Масло для тела;F13D042ACE
b0332e32-a190-4e7e-9b9f-207583dbc3f9;Zielinski & Rozen Крем для рук Дубовый мох, Амбра;Крем для рук Дубовый мох, Амбра;unisex;adult;in stock;2;new;212.00 TJS;212.00 TJS;https://m.qu-qu.shop/product/9279976FB7;https://storage.googleapis.com/static.ququ.shop/img/product/600x866/9279976FB7-0.jpg;Zielinski & Rozen;size: one size;Крем для рук;9279976FB7
43602965-c4dd-4fd4-9f35-63c5bfe08e17;Zielinski & Rozen Крем для рук Кедр, Нероли, Амбра;Крем для рук Кедр, Нероли, Амбра;unisex;adult;in stock;2;new;212.00 TJS;212.00 TJS;https://m.qu-qu.shop/product/EF664B45F5;https://storage.googleapis.com/static.ququ.shop/img/product/600x866/EF664B45F5-0.jpg;Zielinski & Rozen;size: one size;Крем для рук;EF664B45F5
4fda4b70-58e3-4ade-b568-a49b068a9193;Zielinski & Rozen Скраб для тела Черный перец, Ветивер, Нероли, Амбра;Скраб для тела Черный перец, Ветивер, Нероли, Амбра;unisex;adult;in stock;2;new;410.00 TJS;410.00 TJS;https://m.qu-qu.shop/product/8F58030BB5;https://storage.googleapis.com/static.ququ.shop/img/product/600x866/8F58030BB5-0.jpg;Zielinski & Rozen;size: one size;Скраб для тела;8F58030BB5
8dfe7e27-d0f4-4033-9026-935d47d39547;Zielinski & Rozen Сыворотка для волос Ветивер, Лимон;Сыворотка для волос Ветивер, Лимон;unisex;adult;in stock;2;new;294.00 TJS;294.00 TJS;https://m.qu-qu.shop/product/588765CEB1;https://storage.googleapis.com/static.ququ.shop/img/product/600x866/588765CEB1-0.jpg;Zielinski & Rozen;size: one size;Уход для волос;588765CEB1
d086055a-2de6-41e9-9b7a-307f6594b8c0;Zielinski & Rozen Духи концентрированные Палисандр, Сандал, Кедр;"Ароматы Zielinski&Rozen категории унисекс. 50 мл 

Раскрываются по системе пирамиды, сначала ноты головы, затем - ноты сердца и, наконец, базовые ноты, которые сохраняются дольше всего.

Все ароматы созданы только из натуральных ингредиентов, и в каждом их более 30.";unisex;adult;in stock;2;new;945.00 TJS;945.00 TJS;https://m.qu-qu.shop/product/F2B247C96D;https://storage.googleapis.com/static.ququ.shop/img/product/600x866/F2B247C96D-0.jpg;Zielinski & Rozen;size: one size;Духи;F2B247C96D
ca40fd2c-3ad2-484d-9631-fbdc456d4fd5;Zielinski & Rozen Диффузор для ароматерапии Ветивер, Мускус (85мл);Диффузор для ароматерапии Ветивер, Мускус (85мл);unisex;adult;in stock;2;new;513.00 TJS;513.00 TJS;https://m.qu-qu.shop/product/25CE7E6797;https://storage.googleapis.com/static.ququ.shop/img/product/600x866/25CE7E6797-0.jpg;Zielinski & Rozen;size: one size;Диффузоры;25CE7E6797
9a1e2562-d9bf-49be-a202-ca8f3f1543ff;Zielinski & Rozen Санитайзер для рук Черный Ветивер, Амбра;Санитайзер для рук Черный Ветивер, Амбра;unisex;adult;in stock;2;new;141.00 TJS;141.00 TJS;https://m.qu-qu.shop/product/81466768EB;https://storage.googleapis.com/static.ququ.shop/img/product/600x866/81466768EB-0.jpg;Zielinski & Rozen;size: one size;Антисептические средства;81466768EB
b60728f3-67a7-401c-86f6-a4ca26e82c40;Zielinski & Rozen Диффузор для ароматерапии Табак, Кедр, Перец (212,5мл);Диффузор для ароматерапии Табак, Кедр, Перец (212,5мл);unisex;adult;in stock;2;new;1065.00 TJS;1065.00 TJS;https://m.qu-qu.shop/product/89BE13D991;https://storage.googleapis.com/static.ququ.shop/img/product/600x866/89BE13D991-0.jpg;Zielinski & Rozen;size: one size;Диффузоры;89BE13D991
516c720f-093b-41f6-b47c-e1db29acc8d3;Zielinski & Rozen Крем для лица Увлажняющий / Универсальный;Крем для лица Увлажняющий / Универсальный;unisex;adult;in stock;2;new;513.00 TJS;513.00 TJS;https://m.qu-qu.shop/product/A1A7475BFA;https://storage.googleapis.com/static.ququ.shop/img/product/600x866/A1A7475BFA-0.jpg;Zielinski & Rozen;size: one size;Уход для лица;A1A7475BFA
11b7b495-7d76-470e-b65e-d5221bbf7444;Zielinski & Rozen Крем для лица Питательный / Универсальный;Крем для лица Питательный / Универсальный;unisex;adult;in stock;2;new;513.00 TJS;513.00 TJS;https://m.qu-qu.shop/product/6379A33E9E;https://storage.googleapis.com/static.ququ.shop/img/product/600x866/6379A33E9E-0.jpg;Zielinski & Rozen;size: one size;Уход для лица;6379A33E9E
bd56be29-5591-4ad5-a120-8e1061cb7249;Zielinski & Rozen Твердое мыло Персик, Маракуйя, Мускус;Твердое мыло Персик, Маракуйя, Мускус;unisex;adult;in stock;2;new;114.00 TJS;114.00 TJS;https://m.qu-qu.shop/product/928CC4A397;https://storage.googleapis.com/static.ququ.shop/img/product/600x866/928CC4A397-0.jpg;Zielinski & Rozen;size: one size;Твердое мыло;928CC4A397
75ad7946-fbe6-4fff-9ed7-dbc6770f151f;Zielinski & Rozen Крем для рук Персик, Маракуйя, Мускус;Крем для рук Персик, Маракуйя, Мускус;unisex;adult;in stock;2;new;212.00 TJS;212.00 TJS;https://m.qu-qu.shop/product/335DA7C087;https://storage.googleapis.com/static.ququ.shop/img/product/600x866/335DA7C087-0.jpg;Zielinski & Rozen;size: one size;Крем для рук;335DA7C087
8e5871d8-bf8a-4f1b-966b-c0353dac72a4;Zielinski & Rozen Диффузор для ароматерапии Ветивер, Лимон (85мл);Диффузор для ароматерапии Ветивер, Лимон (85мл);unisex;adult;in stock;2;new;513.00 TJS;513.00 TJS;https://m.qu-qu.shop/product/CA9ED995CB;https://storage.googleapis.com/static.ququ.shop/img/product/600x866/CA9ED995CB-0.jpg;Zielinski & Rozen;size: one size;Диффузоры;CA9ED995CB
21f56ecd-eff3-4e5a-86fd-eee9afa976c1;Zielinski & Rozen Крем для тела Кедр, Пачули, Жасмин;Крем для тела Кедр, Пачули, Жасмин;unisex;adult;in stock;2;new;474.00 TJS;474.00 TJS;https://m.qu-qu.shop/product/0253E02853;https://storage.googleapis.com/static.ququ.shop/img/product/600x866/0253E02853-0.jpg;Zielinski & Rozen;size: one size;Крем для тела;0253E02853
6909be31-a643-433b-8412-a4b0c84e7145;Zielinski & Rozen Крем для рук Розовый Перец, Элеми, Корица, Кожа;Крем для рук Розовый Перец, Элеми, Корица, Кожа;unisex;adult;in stock;2;new;212.00 TJS;212.00 TJS;https://m.qu-qu.shop/product/D4F67850AC;https://storage.googleapis.com/static.ququ.shop/img/product/600x866/D4F67850AC-0.jpg;Zielinski & Rozen;size: one size;Крем для рук;D4F67850AC
c5810e5a-7397-4ecf-ba8e-cf2b65e62a3e;Zielinski & Rozen Свеча Черный Перец, Ветивер, Нероли, Амбра;Свеча Черный Перец, Ветивер, Нероли, Амбра;unisex;adult;in stock;2;new;513.00 TJS;513.00 TJS;https://m.qu-qu.shop/product/8D5A1245AF;https://storage.googleapis.com/static.ququ.shop/img/product/600x866/8D5A1245AF-0.jpg;Zielinski & Rozen;size: one size;Свечи;8D5A1245AF
6620a7be-2c68-499f-baef-bfd00dd13fa0;Zielinski & Rozen Духи концентрированные Нероли, Грейпфрут, Кедр;"Ароматы Zielinski&Rozen категории унисекс. 10 мл 

Раскрываются по системе пирамиды, сначала ноты головы, затем - ноты сердца и, наконец, базовые ноты, которые сохраняются дольше всего.

Все ароматы созданы только из натуральных ингредиентов, и в каждом их более 30.";unisex;adult;in stock;2;new;345.00 TJS;345.00 TJS;https://m.qu-qu.shop/product/2EA4D59D02;https://storage.googleapis.com/static.ququ.shop/img/product/600x866/2EA4D59D02-0.jpg;Zielinski & Rozen;size: one size;Духи;2EA4D59D02
01b38f4e-3732-4032-9a38-2e77f454f7fc;Zielinski & Rozen Твердое мыло Ветивер, Лимон;Твердое мыло Ветивер, Лимон;unisex;adult;in stock;2;new;81.00 TJS;81.00 TJS;https://m.qu-qu.shop/product/4D6A606EF3;https://storage.googleapis.com/static.ququ.shop/img/product/600x866/4D6A606EF3-0.jpg;Zielinski & Rozen;size: one size;Твердое мыло;4D6A606EF3
f2dddab0-001a-4230-91aa-441c9c15d9e0;Zielinski & Rozen Крем для рук Табак. Кедр, Перец;Крем для рук Табак. Кедр, Перец;unisex;adult;in stock;2;new;212.00 TJS;212.00 TJS;https://m.qu-qu.shop/product/22AB5673D2;https://storage.googleapis.com/static.ququ.shop/img/product/600x866/22AB5673D2-0.jpg;Zielinski & Rozen;size: one size;Крем для рук;22AB5673D2
ef4f898e-7042-4bdd-825b-e226b1931641;Zielinski & Rozen Свеча Яблоко, Лотос;Свеча Яблоко, Лотос;unisex;adult;in stock;2;new;230.00 TJS;230.00 TJS;https://m.qu-qu.shop/product/02E2AABB32;https://storage.googleapis.com/static.ququ.shop/img/product/600x866/02E2AABB32-0.jpg;Zielinski & Rozen;size: one size;Свечи;02E2AABB32
47adef31-c191-4932-ac27-b980e2cdde76;Zielinski & Rozen Шампунь для ежедневного использования Черный перец, Ветивер, Нероли, Амбра;Шампунь для ежедневного использования Черный перец, Ветивер, Нероли, Амбра;unisex;adult;in stock;2;new;371.00 TJS;371.00 TJS;https://m.qu-qu.shop/product/6D57718112;https://storage.googleapis.com/static.ququ.shop/img/product/600x866/6D57718112-0.jpg;Zielinski & Rozen;size: one size;Уход для волос;6D57718112
c51b871f-3b74-4aa5-b787-713842cdfafb;Zielinski & Rozen Духи концентрированные Кожа, Кедр;"Ароматы Zielinski&Rozen категории унисекс. 10 мл 

Раскрываются по системе пирамиды, сначала ноты головы, затем - ноты сердца и, наконец, базовые ноты, которые сохраняются дольше всего.

Все ароматы созданы только из натуральных ингредиентов, и в каждом их более 30.";unisex;adult;in stock;2;new;345.00 TJS;345.00 TJS;https://m.qu-qu.shop/product/5B51D6EAF3;https://storage.googleapis.com/static.ququ.shop/img/product/600x866/5B51D6EAF3-0.jpg;Zielinski & Rozen;size: one size;Духи;5B51D6EAF3
135b09eb-549e-4f4f-93c2-ddfeb3e90891;Zielinski & Rozen Шампунь восстанавливающий Черный перец, Ветивер, Нероли, Амбра;Шампунь восстанавливающий Черный перец, Ветивер, Нероли, Амбра;unisex;adult;in stock;2;new;371.00 TJS;371.00 TJS;https://m.qu-qu.shop/product/DDB7C1C5D3;https://storage.googleapis.com/static.ququ.shop/img/product/600x866/DDB7C1C5D3-0.jpg;Zielinski & Rozen;size: one size;Уход для волос;DDB7C1C5D3
3d3478ee-28a8-414c-a64d-4d5a221baacc;Zielinski & Rozen Крем для рук Черная Ваниль;Крем для рук Черная Ваниль;unisex;adult;in stock;2;new;212.00 TJS;212.00 TJS;https://m.qu-qu.shop/product/3F4C424767;https://storage.googleapis.com/static.ququ.shop/img/product/600x866/3F4C424767-0.jpg;Zielinski & Rozen;size: one size;Крем для рук;3F4C424767
c7f75aa1-c18b-4ed9-90d0-152dad4d36c1;Zielinski & Rozen Санитайзер для рук Грейпфрут, Базилик, Петитгрейн;Санитайзер для рук Грейпфрут, Базилик, Петитгрейн;unisex;adult;in stock;2;new;141.00 TJS;141.00 TJS;https://m.qu-qu.shop/product/2119845FC7;https://storage.googleapis.com/static.ququ.shop/img/product/600x866/2119845FC7-0.jpg;Zielinski & Rozen;size: one size;Антисептические средства;2119845FC7
fa7080a9-d255-4f19-b5ab-15842485ac6a;Zielinski & Rozen Санитайзер для рук Апельсин, Жасмин;Санитайзер для рук Апельсин, Жасмин;unisex;adult;in stock;2;new;141.00 TJS;141.00 TJS;https://m.qu-qu.shop/product/5794563307;https://storage.googleapis.com/static.ququ.shop/img/product/600x866/5794563307-0.jpg;Zielinski & Rozen;size: one size;Антисептические средства;5794563307
3b4005b8-fd40-412e-8a8d-d6c2bdc49354;Zielinski & Rozen Гель для душа Черный перец, Ветивер, Нероли, Амбра (200мл);Гель для душа Черный перец, Ветивер, Нероли, Амбра (200мл);unisex;adult;in stock;2;new;230.00 TJS;230.00 TJS;https://m.qu-qu.shop/product/6C44080C44;https://storage.googleapis.com/static.ququ.shop/img/product/600x866/6C44080C44-0.jpg;Zielinski & Rozen;size: one size;Гель для душа;6C44080C44
ba893973-babd-4eb7-a982-6fc667dd6f91;Zielinski & Rozen Крем для тела Ветивер, Лимон;Крем для тела Ветивер, Лимон;unisex;adult;in stock;2;new;474.00 TJS;474.00 TJS;https://m.qu-qu.shop/product/AE69F1DFFD;https://storage.googleapis.com/static.ququ.shop/img/product/600x866/AE69F1DFFD-0.jpg;Zielinski & Rozen;size: one size;Крем для тела;AE69F1DFFD
a00da8b0-f962-4e5e-8974-0bc0e49a3979;Zielinski & Rozen Сыворотка для волос Черный Перец, Ветивер, Нероли, Амбра;Сыворотка для волос Черный Перец, Ветивер, Нероли, Амбра;unisex;adult;in stock;2;new;294.00 TJS;294.00 TJS;https://m.qu-qu.shop/product/07BBDB7BBC;https://storage.googleapis.com/static.ququ.shop/img/product/600x866/07BBDB7BBC-0.jpg;Zielinski & Rozen;size: one size;Уход для волос;07BBDB7BBC
71fbb942-2262-4a76-a377-5e90b64f2f14;Zielinski & Rozen Крем-масло для тела Черный перец, Ветивер, Нероли, Амбра;Крем-масло для тела Черный перец, Ветивер, Нероли, Амбра;unisex;adult;in stock;2;new;565.00 TJS;565.00 TJS;https://m.qu-qu.shop/product/ADA12BC985;https://storage.googleapis.com/static.ququ.shop/img/product/600x866/ADA12BC985-0.jpg;Zielinski & Rozen;size: one size;Крем для тела;ADA12BC985
900cd4cf-68c2-4b4c-aced-719b31066f80;Zielinski & Rozen Набор свечей Черный перец, Ветивер, Амбра, Нероли;Набор свечей Черный перец, Ветивер, Амбра, Нероли;unisex;adult;in stock;2;new;770.00 TJS;770.00 TJS;https://m.qu-qu.shop/product/C8B0ACF75C;https://storage.googleapis.com/static.ququ.shop/img/product/600x866/C8B0ACF75C-0.jpg;Zielinski & Rozen;size: one size;Свечи;C8B0ACF75C
78033072-1a41-46d8-85c8-eca6756cf65a;Zielinski & Rozen Гель для душа Черный перец, Ветивер, Нероли, Амбра (300мл);Гель для душа Черный перец, Ветивер, Нероли, Амбра (300мл);unisex;adult;in stock;2;new;307.00 TJS;307.00 TJS;https://m.qu-qu.shop/product/7AFA63CE2B;https://storage.googleapis.com/static.ququ.shop/img/product/600x866/7AFA63CE2B-0.jpg;Zielinski & Rozen;size: one size;Гель для душа;7AFA63CE2B
8e2213b6-6071-4e88-9f67-605466eaaad0;Zielinski & Rozen Духи концентрированные Амбра, Пачули;"Ароматы Zielinski&Rozen категории унисекс. 10 мл 

Раскрываются по системе пирамиды, сначала ноты головы, затем - ноты сердца и, наконец, базовые ноты, которые сохраняются дольше всего.

Все ароматы созданы только из натуральных ингредиентов, и в каждом их более 30.";unisex;adult;in stock;2;new;345.00 TJS;345.00 TJS;https://m.qu-qu.shop/product/3D388A6FC4;https://storage.googleapis.com/static.ququ.shop/img/product/600x866/3D388A6FC4-0.jpg;Zielinski & Rozen;size: one size;Духи;3D388A6FC4
3e2f4716-0f0b-4a1e-8db1-4052e1ee0e40;Zielinski & Rozen Крем для тела Черная Ваниль;Крем для тела Черная Ваниль;unisex;adult;in stock;2;new;474.00 TJS;474.00 TJS;https://m.qu-qu.shop/product/423ECDBB9F;https://storage.googleapis.com/static.ququ.shop/img/product/600x866/423ECDBB9F-0.jpg;Zielinski & Rozen;size: one size;Крем для тела;423ECDBB9F
d5915e48-1296-412f-a33f-8a1ec577c028;Zielinski & Rozen Крем для тела Пудра;Крем для тела Пудра;unisex;adult;in stock;2;new;474.00 TJS;474.00 TJS;https://m.qu-qu.shop/product/4B3DAEDD7F;https://storage.googleapis.com/static.ququ.shop/img/product/600x866/4B3DAEDD7F-0.jpg;Zielinski & Rozen;size: one size;Крем для тела;4B3DAEDD7F
e72f0020-8ba0-48c4-a839-94c436994c0f;Zielinski & Rozen Духи концентрированные Грейпфрут, Базилик, Петитгрейн;"Ароматы Zielinski&Rozen категории унисекс. 10 мл 

Раскрываются по системе пирамиды, сначала ноты головы, затем - ноты сердца и, наконец, базовые ноты, которые сохраняются дольше всего.

Все ароматы созданы только из натуральных ингредиентов, и в каждом их более 30.";unisex;adult;in stock;2;new;345.00 TJS;345.00 TJS;https://m.qu-qu.shop/product/A1C8BCF012;https://storage.googleapis.com/static.ququ.shop/img/product/600x866/A1C8BCF012-0.jpg;Zielinski & Rozen;size: one size;Духи;A1C8BCF012
e99c3116-6076-462c-a60e-897648ef8d4b;Zielinski & Rozen Духи концентрированные Кожа, Сандал, Амбра;"Ароматы Zielinski&Rozen категории унисекс. 10 мл 

Раскрываются по системе пирамиды, сначала ноты головы, затем - ноты сердца и, наконец, базовые ноты, которые сохраняются дольше всего.

Все ароматы созданы только из натуральных ингредиентов, и в каждом их более 30.";unisex;adult;in stock;2;new;345.00 TJS;345.00 TJS;https://m.qu-qu.shop/product/6EE0EF0BBE;https://storage.googleapis.com/static.ququ.shop/img/product/600x866/6EE0EF0BBE-0.jpg;Zielinski & Rozen;size: one size;Духи;6EE0EF0BBE
85516d06-790d-4c4c-b069-2fecd2e7221e;Zielinski & Rozen Диффузор для ароматерапии Табак, Кедр, Перец (85мл);Диффузор для ароматерапии Табак, Кедр, Перец (85мл);unisex;adult;in stock;2;new;513.00 TJS;513.00 TJS;https://m.qu-qu.shop/product/683D6C1C5C;https://storage.googleapis.com/static.ququ.shop/img/product/600x866/683D6C1C5C-0.jpg;Zielinski & Rozen;size: one size;Диффузоры;683D6C1C5C
cdacdbe7-0d1f-4657-a8f6-b5875a41c88e;Zielinski & Rozen Твердое мыло в алюминиевой мыльнице Ваниль, Амбра, Лаванда;Твердое мыло в алюминиевой мыльнице Ваниль, Амбра, Лаванда;unisex;adult;in stock;2;new;191.00 TJS;191.00 TJS;https://m.qu-qu.shop/product/A417EBCE39;https://storage.googleapis.com/static.ququ.shop/img/product/600x866/A417EBCE39-0.jpg;Zielinski & Rozen;size: one size;Твердое мыло;A417EBCE39
e91e7736-c769-4ef6-bdde-dd453806fd11;Zielinski & Rozen Крем для тела Черный перец, Ветивер, Нероли, Амбра;Крем для тела Черный перец, Ветивер, Нероли, Амбра;unisex;adult;in stock;2;new;474.00 TJS;474.00 TJS;https://m.qu-qu.shop/product/2444965FAB;https://storage.googleapis.com/static.ququ.shop/img/product/600x866/2444965FAB-0.jpg;Zielinski & Rozen;size: one size;Крем для тела;2444965FAB
6459e434-a1ca-4f39-be32-98b8ebcad5dd;Zielinski & Rozen Диффузор для ароматерапии Черная Ваниль (425мл);Диффузор для ароматерапии Черная Ваниль (425мл);unisex;adult;in stock;2;new;1823.00 TJS;1823.00 TJS;https://m.qu-qu.shop/product/8CB8A7A349;https://storage.googleapis.com/static.ququ.shop/img/product/600x866/8CB8A7A349-0.jpg;Zielinski & Rozen;size: one size;Диффузоры;8CB8A7A349
68c1e595-9c7f-40d1-b8c2-dfe3965fe3e7;Zielinski & Rozen Масло для тела Черный перец, Ветивер, Нероли, Амбра;Масло для тела Черный перец, Ветивер, Нероли, Амбра;unisex;adult;in stock;2;new;358.00 TJS;358.00 TJS;https://m.qu-qu.shop/product/3E7BE04EBD;https://storage.googleapis.com/static.ququ.shop/img/product/600x866/3E7BE04EBD-0.jpg;Zielinski & Rozen;size: one size;Масло для тела;3E7BE04EBD
06c29cba-e62b-4489-af48-41fbd64ca662;Zielinski & Rozen Твердое мыло Черный перец, Ветивер, Нероли, Амбра;Твердое мыло Черный перец, Ветивер, Нероли, Амбра;unisex;adult;in stock;2;new;114.00 TJS;114.00 TJS;https://m.qu-qu.shop/product/F8B83FD5D0;https://storage.googleapis.com/static.ququ.shop/img/product/600x866/F8B83FD5D0-0.jpg;Zielinski & Rozen;size: one size;Твердое мыло;F8B83FD5D0
6f24881a-1e44-416e-8edd-25487de25a61;Zielinski & Rozen Духи концентрированные Роза, Жасмин, Нарцисс;"Ароматы Zielinski&Rozen категории унисекс. 10 мл 

Раскрываются по системе пирамиды, сначала ноты головы, затем - ноты сердца и, наконец, базовые ноты, которые сохраняются дольше всего.

Все ароматы созданы только из натуральных ингредиентов, и в каждом их более 30.";unisex;adult;in stock;2;new;345.00 TJS;345.00 TJS;https://m.qu-qu.shop/product/09A9B4FF32;https://storage.googleapis.com/static.ququ.shop/img/product/600x866/09A9B4FF32-0.jpg;Zielinski & Rozen;size: one size;Духи;09A9B4FF32
1851bca6-9975-4192-80a0-4f5689c49f87;Zielinski & Rozen Духи концентрированные Иланг-Иланг, Жасмин, Нероли;"Ароматы Zielinski&Rozen категории унисекс. 10 мл 

Раскрываются по системе пирамиды, сначала ноты головы, затем - ноты сердца и, наконец, базовые ноты, которые сохраняются дольше всего.

Все ароматы созданы только из натуральных ингредиентов, и в каждом их более 30.";unisex;adult;in stock;2;new;345.00 TJS;345.00 TJS;https://m.qu-qu.shop/product/9E5A649579;https://storage.googleapis.com/static.ququ.shop/img/product/600x866/9E5A649579-0.jpg;Zielinski & Rozen;size: one size;Духи;9E5A649579
0490c95c-4eb6-4c0f-8296-92ef78758550;Zielinski & Rozen Духи концентрированные Ветивер, Нероли, Апельсин;"Ароматы Zielinski&Rozen категории унисекс. 10 мл 

Раскрываются по системе пирамиды, сначала ноты головы, затем - ноты сердца и, наконец, базовые ноты, которые сохраняются дольше всего.

Все ароматы созданы только из натуральных ингредиентов, и в каждом их более 30.";unisex;adult;in stock;2;new;345.00 TJS;345.00 TJS;https://m.qu-qu.shop/product/D46EBC01C1;https://storage.googleapis.com/static.ququ.shop/img/product/600x866/D46EBC01C1-0.jpg;Zielinski & Rozen;size: one size;Духи;D46EBC01C1
6b4f3b63-7847-4efa-8a24-b5615cda7808;Zielinski & Rozen Духи концентрированные Вайт Бленд;"Ароматы Zielinski&Rozen категории унисекс. 10 мл 

Раскрываются по системе пирамиды, сначала ноты головы, затем - ноты сердца и, наконец, базовые ноты, которые сохраняются дольше всего.

Все ароматы созданы только из натуральных ингредиентов, и в каждом их более 30.";unisex;adult;in stock;2;new;345.00 TJS;345.00 TJS;https://m.qu-qu.shop/product/0C283D3B6D;https://storage.googleapis.com/static.ququ.shop/img/product/600x866/0C283D3B6D-0.jpg;Zielinski & Rozen;size: one size;Духи;0C283D3B6D
e9c53c92-ccf2-49bf-9f23-41f57a2166f2;Zielinski & Rozen Духи концентрированные Нарцисс, Жасмин, Лаванда;"Ароматы Zielinski&Rozen категории унисекс. 10 мл 

Раскрываются по системе пирамиды, сначала ноты головы, затем - ноты сердца и, наконец, базовые ноты, которые сохраняются дольше всего.

Все ароматы созданы только из натуральных ингредиентов, и в каждом их более 30.";unisex;adult;in stock;2;new;345.00 TJS;345.00 TJS;https://m.qu-qu.shop/product/0ADB0358B9;https://storage.googleapis.com/static.ququ.shop/img/product/600x866/0ADB0358B9-0.jpg;Zielinski & Rozen;size: one size;Духи;0ADB0358B9
a7b7a01b-db01-4ad9-9d47-b8b2694d7072;Zielinski & Rozen Духи концентрированные Черный ветивер, Амбра;"Ароматы Zielinski&Rozen категории унисекс. 10 мл 

Раскрываются по системе пирамиды, сначала ноты головы, затем - ноты сердца и, наконец, базовые ноты, которые сохраняются дольше всего.

Все ароматы созданы только из натуральных ингредиентов, и в каждом их более 30.";unisex;adult;in stock;2;new;345.00 TJS;345.00 TJS;https://m.qu-qu.shop/product/80E07E5E3A;https://storage.googleapis.com/static.ququ.shop/img/product/600x866/80E07E5E3A-0.jpg;Zielinski & Rozen;size: one size;Духи;80E07E5E3A
073d67c8-5246-42d4-9679-6a07d31ff341;Zielinski & Rozen Духи концентрированные Нероли, Алоизия;"Ароматы Zielinski&Rozen категории унисекс. 50 мл 

Раскрываются по системе пирамиды, сначала ноты головы, затем - ноты сердца и, наконец, базовые ноты, которые сохраняются дольше всего.

Все ароматы созданы только из натуральных ингредиентов, и в каждом их более 30.";unisex;adult;in stock;2;new;945.00 TJS;945.00 TJS;https://m.qu-qu.shop/product/D57435DE5E;https://storage.googleapis.com/static.ququ.shop/img/product/600x866/D57435DE5E-0.jpg;Zielinski & Rozen;size: one size;Духи;D57435DE5E
31170add-7171-4187-9fe8-82e926fdba7e;Zielinski & Rozen Духи концентрированные Орхидея, Ваниль, Амбра;"Ароматы Zielinski&Rozen категории унисекс. 10 мл 

Раскрываются по системе пирамиды, сначала ноты головы, затем - ноты сердца и, наконец, базовые ноты, которые сохраняются дольше всего.

Все ароматы созданы только из натуральных ингредиентов, и в каждом их более 30.";unisex;adult;in stock;2;new;345.00 TJS;345.00 TJS;https://m.qu-qu.shop/product/6FAFEEF57E;https://storage.googleapis.com/static.ququ.shop/img/product/600x866/6FAFEEF57E-0.jpg;Zielinski & Rozen;size: one size;Духи;6FAFEEF57E
67af50d3-b98c-4db6-8f23-86ec46a12b07;Zielinski & Rozen Духи концентрированные Нероли, Пачули, Мед, Амбра;"Ароматы Zielinski&Rozen категории унисекс. 10 мл 

Раскрываются по системе пирамиды, сначала ноты головы, затем - ноты сердца и, наконец, базовые ноты, которые сохраняются дольше всего.

Все ароматы созданы только из натуральных ингредиентов, и в каждом их более 30.";unisex;adult;in stock;2;new;345.00 TJS;345.00 TJS;https://m.qu-qu.shop/product/1E537C54B0;https://storage.googleapis.com/static.ququ.shop/img/product/600x866/1E537C54B0-0.jpg;Zielinski & Rozen;size: one size;Духи;1E537C54B0
939136bd-e811-41a3-a43d-0ac896c1d0a2;Zielinski & Rozen Духи концентрированные Ветивер, Лимон;"Ароматы Zielinski&Rozen категории унисекс. 10 мл 

Раскрываются по системе пирамиды, сначала ноты головы, затем - ноты сердца и, наконец, базовые ноты, которые сохраняются дольше всего.

Все ароматы созданы только из натуральных ингредиентов, и в каждом их более 30.";unisex;adult;in stock;2;new;345.00 TJS;345.00 TJS;https://m.qu-qu.shop/product/2B92B3AFD1;https://storage.googleapis.com/static.ququ.shop/img/product/600x866/2B92B3AFD1-0.jpg;Zielinski & Rozen;size: one size;Духи;2B92B3AFD1
9b8093a2-178d-4750-be66-2c0ca49bfb8d;Zielinski & Rozen Духи концентрированные Грейпфрут, Пачули, Белая Роза;"Ароматы Zielinski&Rozen категории унисекс. 10 мл 

Раскрываются по системе пирамиды, сначала ноты головы, затем - ноты сердца и, наконец, базовые ноты, которые сохраняются дольше всего.

Все ароматы созданы только из натуральных ингредиентов, и в каждом их более 30.";unisex;adult;in stock;2;new;345.00 TJS;345.00 TJS;https://m.qu-qu.shop/product/AE6B11D2D5;https://storage.googleapis.com/static.ququ.shop/img/product/600x866/AE6B11D2D5-0.jpg;Zielinski & Rozen;size: one size;Духи;AE6B11D2D5
35239528-c6e6-4ea8-866c-cd6179a1eedf;Zielinski & Rozen Крем для рук Черный перец, Ветивер, Нероли, Амбра;Крем для рук Черный перец, Ветивер, Нероли, Амбра;unisex;adult;in stock;2;new;212.00 TJS;212.00 TJS;https://m.qu-qu.shop/product/85D5AD47CB;https://storage.googleapis.com/static.ququ.shop/img/product/600x866/85D5AD47CB-0.jpg;Zielinski & Rozen;size: one size;Крем для рук;85D5AD47CB
69e18718-7af9-4ce9-a288-6d0e228c8bc7;Zielinski & Rozen Духи концентрированные Бергамот, Зеленый Чай, Сандал;"Ароматы Zielinski&Rozen категории унисекс. 10 мл 

Раскрываются по системе пирамиды, сначала ноты головы, затем - ноты сердца и, наконец, базовые ноты, которые сохраняются дольше всего.

Все ароматы созданы только из натуральных ингредиентов, и в каждом их более 30.";unisex;adult;in stock;2;new;345.00 TJS;345.00 TJS;https://m.qu-qu.shop/product/C759B367DE;https://storage.googleapis.com/static.ququ.shop/img/product/600x866/C759B367DE-0.jpg;Zielinski & Rozen;size: one size;Духи;C759B367DE
c1a11661-03aa-46b6-8c43-e373d48c0717;Zielinski & Rozen Жидкое мыло Черный перец, Ветивер, Нероли, Амбра;Жидкое мыло Черный перец, Ветивер, Нероли, Амбра;unisex;adult;in stock;2;new;294.00 TJS;294.00 TJS;https://m.qu-qu.shop/product/04A8EF4D1B;https://storage.googleapis.com/static.ququ.shop/img/product/600x866/04A8EF4D1B-0.jpg;Zielinski & Rozen;size: one size;Жидкое мыло;04A8EF4D1B
98836675-6cbc-433a-aebf-f9ad4b556dad;Zielinski & Rozen Духи концентрированные Пудра;"Ароматы Zielinski&Rozen категории унисекс. 10 мл 

Раскрываются по системе пирамиды, сначала ноты головы, затем - ноты сердца и, наконец, базовые ноты, которые сохраняются дольше всего.

Все ароматы созданы только из натуральных ингредиентов, и в каждом их более 30.";unisex;adult;in stock;2;new;345.00 TJS;345.00 TJS;https://m.qu-qu.shop/product/68435E688C;https://storage.googleapis.com/static.ququ.shop/img/product/600x866/68435E688C-0.jpg;Zielinski & Rozen;size: one size;Духи;68435E688C
77769b7a-4851-4fee-ae22-c2b8f635903b;Zielinski & Rozen Духи концентрированные Сандал, Жасмин;"Ароматы Zielinski&Rozen категории унисекс. 10 мл 

Раскрываются по системе пирамиды, сначала ноты головы, затем - ноты сердца и, наконец, базовые ноты, которые сохраняются дольше всего.

Все ароматы созданы только из натуральных ингредиентов, и в каждом их более 30.";unisex;adult;in stock;2;new;345.00 TJS;345.00 TJS;https://m.qu-qu.shop/product/34B25D201C;https://storage.googleapis.com/static.ququ.shop/img/product/600x866/34B25D201C-0.jpg;Zielinski & Rozen;size: one size;Духи;34B25D201C
f4e50454-7082-4d26-944c-bb545caa6741;Zielinski & Rozen Духи концентрированные Розмарин, Лимон;"Ароматы Zielinski&Rozen категории унисекс. 10 мл 

Раскрываются по системе пирамиды, сначала ноты головы, затем - ноты сердца и, наконец, базовые ноты, которые сохраняются дольше всего.

Все ароматы созданы только из натуральных ингредиентов, и в каждом их более 30.";unisex;adult;in stock;2;new;345.00 TJS;345.00 TJS;https://m.qu-qu.shop/product/59A546BDD9;https://storage.googleapis.com/static.ququ.shop/img/product/600x866/59A546BDD9-0.jpg;Zielinski & Rozen;size: one size;Духи;59A546BDD9
b161cd37-54ec-481c-9457-53bec3403b52;Zielinski & Rozen Духи концентрированные Дубовый мох, Амбра;"Ароматы Zielinski&Rozen категории унисекс. 10 мл 

Раскрываются по системе пирамиды, сначала ноты головы, затем - ноты сердца и, наконец, базовые ноты, которые сохраняются дольше всего.

Все ароматы созданы только из натуральных ингредиентов, и в каждом их более 30.";unisex;adult;in stock;2;new;345.00 TJS;345.00 TJS;https://m.qu-qu.shop/product/EDA3097C84;https://storage.googleapis.com/static.ququ.shop/img/product/600x866/EDA3097C84-0.jpg;Zielinski & Rozen;size: one size;Духи;EDA3097C84
3500685b-e723-4ab2-905a-b430d090091f;Zielinski & Rozen Духи концентрированные Красный Грейпфрут, Бергамот, Амбра;"Ароматы Zielinski&Rozen категории унисекс. 10 мл 

Раскрываются по системе пирамиды, сначала ноты головы, затем - ноты сердца и, наконец, базовые ноты, которые сохраняются дольше всего.

Все ароматы созданы только из натуральных ингредиентов, и в каждом их более 30.";unisex;adult;in stock;2;new;345.00 TJS;345.00 TJS;https://m.qu-qu.shop/product/6736255866;https://storage.googleapis.com/static.ququ.shop/img/product/600x866/6736255866-0.jpg;Zielinski & Rozen;size: one size;Духи;6736255866
d2d57197-4f8b-4276-b7ae-0dd7963022ea;Zielinski & Rozen Духи концентрированные Кедр, Нероли, Амбра;"Ароматы Zielinski&Rozen категории унисекс. 10 мл 

Раскрываются по системе пирамиды, сначала ноты головы, затем - ноты сердца и, наконец, базовые ноты, которые сохраняются дольше всего.

Все ароматы созданы только из натуральных ингредиентов, и в каждом их более 30.";unisex;adult;in stock;2;new;345.00 TJS;345.00 TJS;https://m.qu-qu.shop/product/863A812D78;https://storage.googleapis.com/static.ququ.shop/img/product/600x866/863A812D78-0.jpg;Zielinski & Rozen;size: one size;Духи;863A812D78
0d46aa11-f556-4ca9-b4a5-4f9b025ace69;Zielinski & Rozen Духи концентрированные Апельсин, Жасмин;"Ароматы Zielinski&Rozen категории унисекс. 10 мл 

Раскрываются по системе пирамиды, сначала ноты головы, затем - ноты сердца и, наконец, базовые ноты, которые сохраняются дольше всего.

Все ароматы созданы только из натуральных ингредиентов, и в каждом их более 30.";unisex;adult;in stock;2;new;345.00 TJS;345.00 TJS;https://m.qu-qu.shop/product/76D877AA0C;https://storage.googleapis.com/static.ququ.shop/img/product/600x866/76D877AA0C-0.jpg;Zielinski & Rozen;size: one size;Духи;76D877AA0C
ba393508-f3b3-44ac-be79-25f45a7daa3d;Zielinski & Rozen Духи концентрированные Табак, Амбра, Пачули;"Ароматы Zielinski&Rozen категории унисекс. 10 мл 

Раскрываются по системе пирамиды, сначала ноты головы, затем - ноты сердца и, наконец, базовые ноты, которые сохраняются дольше всего.

Все ароматы созданы только из натуральных ингредиентов, и в каждом их более 30.";unisex;adult;in stock;2;new;345.00 TJS;345.00 TJS;https://m.qu-qu.shop/product/7F2FCD9964;https://storage.googleapis.com/static.ququ.shop/img/product/600x866/7F2FCD9964-0.jpg;Zielinski & Rozen;size: one size;Духи;7F2FCD9964
bd7357d6-6195-4081-b0e7-f828f8688a0f;Zielinski & Rozen Духи концентрированные Кедр, Пачули, Жасмин;"Ароматы Zielinski&Rozen категории унисекс. 10 мл 

Раскрываются по системе пирамиды, сначала ноты головы, затем - ноты сердца и, наконец, базовые ноты, которые сохраняются дольше всего.

Все ароматы созданы только из натуральных ингредиентов, и в каждом их более 30.";unisex;adult;in stock;2;new;345.00 TJS;345.00 TJS;https://m.qu-qu.shop/product/28F2E5314B;https://storage.googleapis.com/static.ququ.shop/img/product/600x866/28F2E5314B-0.jpg;Zielinski & Rozen;size: one size;Духи;28F2E5314B
58264666-ffd8-4765-a679-c6e3cc29357a;Zielinski & Rozen Духи концентрированные Яблоко, Лотос;"Ароматы Zielinski&Rozen категории унисекс. 10 мл 

Раскрываются по системе пирамиды, сначала ноты головы, затем - ноты сердца и, наконец, базовые ноты, которые сохраняются дольше всего.

Все ароматы созданы только из натуральных ингредиентов, и в каждом их более 30.";unisex;adult;in stock;2;new;345.00 TJS;345.00 TJS;https://m.qu-qu.shop/product/73D61FF1AE;https://storage.googleapis.com/static.ququ.shop/img/product/600x866/73D61FF1AE-0.jpg;Zielinski & Rozen;size: one size;Духи;73D61FF1AE
3f1021fc-a0fe-4910-a60e-943d4ab0c2eb;Zielinski & Rozen Духи концентрированные Персик, Маракуйя, Мускус;"Ароматы Zielinski&Rozen категории унисекс. 10 мл 

Раскрываются по системе пирамиды, сначала ноты головы, затем - ноты сердца и, наконец, базовые ноты, которые сохраняются дольше всего.

Все ароматы созданы только из натуральных ингредиентов, и в каждом их более 30.";unisex;adult;in stock;2;new;345.00 TJS;345.00 TJS;https://m.qu-qu.shop/product/10FA06495B;https://storage.googleapis.com/static.ququ.shop/img/product/600x866/10FA06495B-0.jpg;Zielinski & Rozen;size: one size;Духи;10FA06495B
f1dffee1-f746-40b6-9820-e91fb8f40beb;Zielinski & Rozen Духи концентрированные Ветивер, Мускус;"Ароматы Zielinski&Rozen категории унисекс. 50 мл 

Раскрываются по системе пирамиды, сначала ноты головы, затем - ноты сердца и, наконец, базовые ноты, которые сохраняются дольше всего.

Все ароматы созданы только из натуральных ингредиентов, и в каждом их более 30.";unisex;adult;in stock;2;new;945.00 TJS;945.00 TJS;https://m.qu-qu.shop/product/208D3DA0B6;https://storage.googleapis.com/static.ququ.shop/img/product/600x866/208D3DA0B6-0.jpg;Zielinski & Rozen;size: one size;Духи;208D3DA0B6
fb3af616-e5e1-4b7b-8fe9-ed22f1cff1d8;Zielinski & Rozen Духи концентрированные Табак, Ветивер, Амбра;"Ароматы Zielinski&Rozen категории унисекс. 10 мл 

Раскрываются по системе пирамиды, сначала ноты головы, затем - ноты сердца и, наконец, базовые ноты, которые сохраняются дольше всего.

Все ароматы созданы только из натуральных ингредиентов, и в каждом их более 30.";unisex;adult;in stock;2;new;345.00 TJS;345.00 TJS;https://m.qu-qu.shop/product/7936B827F0;https://storage.googleapis.com/static.ququ.shop/img/product/600x866/7936B827F0-0.jpg;Zielinski & Rozen;size: one size;Духи;7936B827F0
1bb2b6cd-63c0-4b9d-9aa9-bc4e121998fb;Zielinski & Rozen Духи концентрированные Ваниль, Амбра, Лаванда;"Ароматы Zielinski&Rozen категории унисекс. 50 мл 

Раскрываются по системе пирамиды, сначала ноты головы, затем - ноты сердца и, наконец, базовые ноты, которые сохраняются дольше всего.

Все ароматы созданы только из натуральных ингредиентов, и в каждом их более 30.";unisex;adult;in stock;2;new;945.00 TJS;945.00 TJS;https://m.qu-qu.shop/product/E08D576E51;https://storage.googleapis.com/static.ququ.shop/img/product/600x866/E08D576E51-0.jpg;Zielinski & Rozen;size: one size;Духи;E08D576E51
6ce905ab-a77b-4bce-bcd4-f7170acaf6b1;Zielinski & Rozen Духи концентрированные Лаванда, Ваниль, Амбра, Мускус;"Ароматы Zielinski&Rozen категории унисекс. 10 мл 

Раскрываются по системе пирамиды, сначала ноты головы, затем - ноты сердца и, наконец, базовые ноты, которые сохраняются дольше всего.

Все ароматы созданы только из натуральных ингредиентов, и в каждом их более 30.";unisex;adult;in stock;2;new;345.00 TJS;345.00 TJS;https://m.qu-qu.shop/product/A2924B8464;https://storage.googleapis.com/static.ququ.shop/img/product/600x866/A2924B8464-0.jpg;Zielinski & Rozen;size: one size;Духи;A2924B8464
da2318f8-e00e-4c48-bb4e-5fc3ca71cca3;Zielinski & Rozen Духи концентрированные Розовый Перец, Элеми, Корица, Кожа;"Ароматы Zielinski&Rozen категории унисекс. 10 мл 

Раскрываются по системе пирамиды, сначала ноты головы, затем - ноты сердца и, наконец, базовые ноты, которые сохраняются дольше всего.

Все ароматы созданы только из натуральных ингредиентов, и в каждом их более 30.";unisex;adult;in stock;2;new;345.00 TJS;345.00 TJS;https://m.qu-qu.shop/product/209DFF6D75;https://storage.googleapis.com/static.ququ.shop/img/product/600x866/209DFF6D75-0.jpg;Zielinski & Rozen;size: one size;Духи;209DFF6D75
c45f56d1-7449-401f-b96e-2afa1302d93e;Zielinski & Rozen Духи концентрированные Имбирь, Пачули, Черный перец, Алоизия;"Ароматы Zielinski&Rozen категории унисекс. 10 мл 

Раскрываются по системе пирамиды, сначала ноты головы, затем - ноты сердца и, наконец, базовые ноты, которые сохраняются дольше всего.

Все ароматы созданы только из натуральных ингредиентов, и в каждом их более 30.";unisex;adult;in stock;2;new;345.00 TJS;345.00 TJS;https://m.qu-qu.shop/product/3747F727A7;https://storage.googleapis.com/static.ququ.shop/img/product/600x866/3747F727A7-0.jpg;Zielinski & Rozen;size: one size;Духи;3747F727A7
869eb2cd-c918-4450-aa96-c1926bfcb1cf;Zielinski & Rozen Духи концентрированные Табак, Кедр, Перец;"Ароматы Zielinski&Rozen категории унисекс. 10 мл 

Раскрываются по системе пирамиды, сначала ноты головы, затем - ноты сердца и, наконец, базовые ноты, которые сохраняются дольше всего.

Все ароматы созданы только из натуральных ингредиентов, и в каждом их более 30.";unisex;adult;in stock;2;new;345.00 TJS;345.00 TJS;https://m.qu-qu.shop/product/C8B2E48327;https://storage.googleapis.com/static.ququ.shop/img/product/600x866/C8B2E48327-0.jpg;Zielinski & Rozen;size: one size;Духи;C8B2E48327
645a298c-be98-41a5-9956-08cb3b9a1b39;Zielinski & Rozen Духи концентрированные Черная Ваниль;"Ароматы Zielinski&Rozen категории унисекс. 10 мл 

Раскрываются по системе пирамиды, сначала ноты головы, затем - ноты сердца и, наконец, базовые ноты, которые сохраняются дольше всего.

Все ароматы созданы только из натуральных ингредиентов, и в каждом их более 30.";unisex;adult;in stock;2;new;345.00 TJS;345.00 TJS;https://m.qu-qu.shop/product/65B00D1079;https://storage.googleapis.com/static.ququ.shop/img/product/600x866/65B00D1079-0.jpg;Zielinski & Rozen;size: one size;Духи;65B00D1079
c4d87ebd-5753-4440-b55c-153fd03895a7;Bosch Блендер MSM-26230;"Блендер Bosch MSM 26230 в черном цвете сочетает в себе стиль и функциональность. В комплекте прилагается дополнительная погружная насадка из пластика для маленьких порций или соусов.

Характеристики

Тип блендера: погружной
Серия: CleverMixx
Цвет: Черный
Материал корпуса: пластик
Материал погружной части: нержавеющая сталь
Измельчитель: есть
Материал чаши измельчителя / кувшина: пластик
Нож блендера: с 4 лезвиями QuattroBlade";unisex;adult;in stock;4;new;990.00 TJS;990.00 TJS;https://m.qu-qu.shop/product/91557DEBD5;https://storage.googleapis.com/static.ququ.shop/img/product/600x866/91557DEBD5-0.jpg;Bosch;size: one size;Миксеры, блендеры;91557DEBD5
c75c411b-cb46-4570-9062-bd367d90c8dd;DeLonghi Фритюрница FH-2394;"Фритюрница Delonghi FH2394.BK позволяет готовить различные продукты во фритюре – картофель, мясо, закуски, выпечку. Данная модель характеризуется вместительной чашей с антипригарным керамическим покрытием и 4 режимами температуры с плавной регулировкой. Посредством электронного таймера можно устанавливать определенное время приготовления, а по завершению заданного времени прибор отключается автоматически. С помощью смотрового окна можно визуально контролировать степень готовности. Ножки на основании корпуса Delonghi FH2394.BK из нескользящего материала гарантируют устойчивое размещение прибора.

Характеристики

Основной цвет: черный
Материал корпуса: пластик
Нагревательный элемент: открытый
Съемная чаша: есть
Плавная регулировка температуры: есть
Таймер: есть";unisex;adult;in stock;2;new;3800.00 TJS;3800.00 TJS;https://m.qu-qu.shop/product/B65C27B6C7;https://storage.googleapis.com/static.ququ.shop/img/product/600x866/B65C27B6C7-0.jpg;DeLonghi;size: one size;Фритюрницы;B65C27B6C7
94e748d6-1eeb-4358-b810-9ca6121f7064;Bosch Мясорубка MFN-67450;Мясорубка MFN-67450;unisex;adult;in stock;2;new;3670.00 TJS;3670.00 TJS;https://m.qu-qu.shop/product/9E0F2B6B11;https://storage.googleapis.com/static.ququ.shop/img/product/600x866/9E0F2B6B11-0.jpg;Bosch;size: one size;Мясорубки;9E0F2B6B11
6a513cb3-7a53-488f-938a-b50683c951ab;Philips Блендер HR-2228;Блендер HR-2228;unisex;adult;in stock;2;new;1380.00 TJS;1380.00 TJS;https://m.qu-qu.shop/product/44DC7CF33C;https://storage.googleapis.com/static.ququ.shop/img/product/600x866/44DC7CF33C-0.jpg;Philips;size: one size;Миксеры, блендеры;44DC7CF33C
372a7467-8539-4e76-bee5-2aeef6264c67;Philips Фен для волос BHD-360;"Мощная сушка волос при меньшей температуре
Насадка ThermoProtect с уникальной конструкцией смешивает теплый и холодный воздух для бережной сушки волос.

Характеристики

Насадка-концентратор: 14 мм
Насадка: ThermoProtect
Насадка-диффузор для придания объема: Да
Длина шнура: 1,8м
Напряжение: 220—240В
Мощность: 2100 Вт
Режимы температуры/скорости: 6
Настройки: Режим холодного обдува
";unisex;adult;in stock;2;new;670.00 TJS;670.00 TJS;https://m.qu-qu.shop/product/763560500E;https://storage.googleapis.com/static.ququ.shop/img/product/600x866/763560500E-0.jpg;Philips;size: one size;Фены для волос;763560500E
09aaccba-0111-4a8f-b0cb-9cb085106003;Philips Мясорубка HR-2714;"Мясорубка Philips HR2714/30 порадует своего обладателя системой защиты двигателя от перегрузки, которая вовремя приостановит ее работу, тем самым исключив риск внезапного выхода из строя. Эта домашняя помощница может похвастаться высокой производительностью, ведь за 1 минуту ей под силу измельчить до однородной консистенции не менее 1.7 кг мяса.
Модель Philips HR2714/30 хороша и тем, что с ее помощью вы без труда сможете натереть различные овощи, а также приготовить домашние аппетитные колбаски – для этого достаточно воспользоваться соответствующими насадками. Еще одно достоинство прибора – он позволит вам ежедневно наслаждаться витаминным свежевыжатым соком. На корпусе мясорубки предусмотрена прочная ручка для ее удобной транспортировки в необходимое место.

Характеристики

Материал корпуса: пластик
Материал лотка: пластик
Насадка для кеббе: да
Насадка-соковыжималка: шнековая
Комплектация: Загрузочный лоток, насадка-соковыжималка, насадка для кеббе, насадка для колбас х 2 шт., толкатель х 2 шт.
";unisex;adult;in stock;1;new;2080.00 TJS;2080.00 TJS;https://m.qu-qu.shop/product/5D2F72B85F;https://storage.googleapis.com/static.ququ.shop/img/product/600x866/5D2F72B85F-0.jpg;Philips;size: one size;Мясорубки;5D2F72B85F
48764feb-202a-454c-a9d5-4bc1fedd4e2a;Philips Тостер HD-2637;"Характеристики

Цвет товара: черный
Мощность: 1050 Вт
Количество отделений: 2
Количество тостов: 2
Тип управления: механическое
Дополнительная информация: 7 степеней обжаривания; экстра-подъем тостов
";unisex;adult;in stock;2;new;865.00 TJS;865.00 TJS;https://m.qu-qu.shop/product/C9F517C8BE;https://storage.googleapis.com/static.ququ.shop/img/product/600x866/C9F517C8BE-0.jpg;Philips;size: one size;Тостеры;C9F517C8BE
e1c20602-ccba-42c0-ad7e-f7f4fe360db6;Philips Блендер ручной HR-2531;"Ваше идеальное меню одним нажатием кнопки
Нежные супы-пюре, воздушные соусы, однородные коктейли и смузи - все это возможно с блендерами Philips. Подберите подходящий вам стационарный или погружной блендер, исходя из ваших индивидуальных потребностей. И создавайте разнообразные блюда, которые оценят ваши близкие!
";unisex;adult;in stock;1;new;575.00 TJS;575.00 TJS;https://m.qu-qu.shop/product/728168E519;https://storage.googleapis.com/static.ququ.shop/img/product/600x866/728168E519-0.jpg;Philips;size: one size;Миксеры, блендеры;728168E519
519aeb36-ed84-4db9-b20c-e4983bd591e4;Philips Электрический чайник HD-9339;"Стеклянный чайник - легкий, 1,7 л

Современный и долговечный
Стеклянный чайник объемом 1,7 л отличается современным дизайном и оснащен удобным синим индикатором включения в основании чайника.

Характеристики

Основной материал: Стекло
Емкость резервуара для воды: 1,7 л
Мощность: 1850–2200 Вт
Напряжение: 220—240 В
Частота: 50–60 Гц
Аккумулятор: Нет
";unisex;adult;in stock;1;new;990.00 TJS;990.00 TJS;https://m.qu-qu.shop/product/659A424121;https://storage.googleapis.com/static.ququ.shop/img/product/600x866/659A424121-0.jpg;Philips;size: one size;Электрические чайники;659A424121
5a5a31b4-1607-4b13-9086-bb80d3da53ad;Philips Блендер HR-2056;"
Характеристики

Тип блендера: стационарный
Мощность: 350 Вт
Управление: механическое
Режимы: импульсный
Дополнительные функции: колка льда
Насадки: мельничка
Емкость кувшина: 1 л
Особенности конструкции: нескользящие ножки, отверстие для ингредиентов, отсек для шнура
Материал чаши: пластик
";unisex;adult;in stock;2;new;540.00 TJS;540.00 TJS;https://m.qu-qu.shop/product/5538FD9D35;https://storage.googleapis.com/static.ququ.shop/img/product/600x866/5538FD9D35-0.jpg;Philips;size: one size;Миксеры, блендеры;5538FD9D35
ac263c1e-ba92-4e7a-81b6-0f5003a0d326;Philips Эпилятор BRE-225;"Satinelle Essential
Компактный эпилятор с питанием от сети

Простая эпиляция
Эпилятор Philips Satinelle сделает кожу ваших ног идеально гладкой надолго. Он бережно удаляет с корнем волоски длиной от 0,5 мм. Прибор оснащен эргономичной ручкой и головкой, которую можно промывать водой для гигиеничного использования

Характеристики:

Система эпиляции: Эпилирующие диски для бережной эпиляции
Щеточка для чистки: Да
Напряжение: 15 В
Режимы: 2 режима скорости
";unisex;adult;in stock;2;new;470.00 TJS;470.00 TJS;https://m.qu-qu.shop/product/C392A6A168;https://storage.googleapis.com/static.ququ.shop/img/product/600x866/C392A6A168-0.jpg;Philips;size: one size;Триммеры, эпиляторы;C392A6A168
6cf1d47a-29ae-49a7-a9c2-51f696a0dc63;Philips Триммер MG-5730;"Высокая точность и превосходный стайлинг

Создайте неповторимый образ, используя этот универсальный триммер с 11 насадками для стрижки волос на голове, лице и теле. Лезвия DualCut гарантируют максимальную точность, а благодаря нескользящей прорезиненной ручке триммер удобно перемещать и легко держать в руке.

Характеристики:

Насадки для стайлинга: Металлический триммер, триммер для создания контура высокоточная бритва, триммер для носа и ушей, регулируемый гребень для бороды 3–7 мм, 2 гребня для щетины, 3 гребня для волос, 1 гребень для тела
Режущая система: Технология DualCut
Время работы: до 80 минут
";unisex;adult;in stock;2;new;880.00 TJS;880.00 TJS;https://m.qu-qu.shop/product/4A4C0998B2;https://storage.googleapis.com/static.ququ.shop/img/product/600x866/4A4C0998B2-0.jpg;Philips;size: one size;Триммеры, эпиляторы;4A4C0998B2
6f5ddee6-3a3f-40bb-9d80-4f4519a3daa7;Philips Отпариватель GC-486;"На 20 % более мощный* с постоянной подачей пара 35 г/мин
Отпариватель EasyTouch на 20 % мощнее* предыдущих моделей благодаря мощной постоянной подаче пара 35 г/мин, обеспечивающей избавление от складок всего за несколько движений

3 режима подачи пара для различных тканей
Выберите нужный режим подачи пара для оптимального результата при обработке конкретного вида ткани: устанавливайте менее интенсивную подачу пара для тонких тканей, и более мощную — для плотных тканей.

Резервуар для воды 1,4 л с отверстием на 80 % больше*
Большой съемный резервуар для воды 1,4 л имеет отверстие на 80 % больше*, чем у моделей предыдущего поколения, что обеспечивает простое наполнение и очистку резервуара.

Характеристики:

Объем резервуара для воды: 1400  ml
Съемный резервуар для воды: Да
Долив воды в любой момент использования: Да
Длина сетевого шнура: 1,8  m
Вешалка для одежды: Да
Рукавица для дополнительной защиты: Да
Регулируемая стационарная вешалка: Да
";unisex;adult;in stock;2;new;1600.00 TJS;1600.00 TJS;https://m.qu-qu.shop/product/1E0DDD8977;https://storage.googleapis.com/static.ququ.shop/img/product/600x866/1E0DDD8977-0.jpg;Philips;size: one size;Отпариватели;1E0DDD8977
5c322a2a-a368-4d15-b9d2-8602f9bedda3;Philips Кофемашина EP-3246;"Множество горячих напитков у вас под рукой!
Наслаждайтесь 5 видами напитков, согревающим эспрессо и американо или нежным латте макиато и капучино. Наша система приготовления кофе разработана так, чтобы уровень качества ваших напитков каждый день радовал вас не меньше, чем у профессионального бариста в вашей любимой кофейне.

Получите нежную молочную пенку с системой LatteGo 🥛
Благодаря запатентованной технологии взбивания LatteGo вы получите мягкую молочную пенку одним нажатием кнопки. Система готовит отличную пенку с любым видом молока, включая растительные альтернативы.

Более яркий аромат с 100% керамическими жерновами
Наши долговечные керамические жернова раскрывают весь аромат кофейных зерен. Они настраиваются в 12 различных степеней от тонкого порошка до крупных частиц.

Идеальная температура, аромат и крема в каждой чашке ☕️
Система Aroma Extract поддерживает температуру воды между 90°C и 98°C, регулируя скорость потока воды для идеального баланса между температурой и ароматом.

Комплектация
Содержимое коробки Philips LatteGo EP3246:

- Philips LatteGo Эспрессо-Машина: Основное устройство для приготовления кофе ☕️.
- Контейнер для кофейных зерен: Контейнер для хранения кофейных зерен для помола 🌟.
- Резервуар для воды: Съемный бак для заполнения водой 💧.
- ЛаттеГо молочный вспениватель: Съемное устройство для вспенивания молока для латте и капучино 🥛.
- Фильтр для воды AquaClean, тюбик со смазкой, мерная ложка, тестовая полоска для проверки жесткости воды

";unisex;adult;in stock;1;new;15000.00 TJS;15000.00 TJS;https://m.qu-qu.shop/product/D9E18AB08D;https://storage.googleapis.com/static.ququ.shop/img/product/600x866/D9E18AB08D-0.jpg;Philips;size: one size;Кофемашины;D9E18AB08D
42c503f8-a759-43ca-bfbd-661b95be3235;Philips Утюг DST-5040;"Создан для работы, день за днем

Чтобы результаты глажения радовали вас день за днем, необходим надежный утюг. Этот высококачественный утюг с подошвой SteamGlide Plus, защищенной от царапин, и встроенной функцией очистки от накипи обеспечивает стабильную мощную подачу пара и долговечность.

Характеристики

Объем резервуара для воды: 320ml
Название подошвы: SteamGlide Plus
Возможность использования водопроводной воды: Да
Система ""капля-стоп"": Да
Устойчивое вертикальное положение: Да
Большое отверстие для залива воды: Да
Мощность: 2600W
Паровой удар: 200g
Постоянная подача пара: 45g/min
Распыление воды: Да
";unisex;adult;in stock;3;new;1020.00 TJS;1020.00 TJS;https://m.qu-qu.shop/product/5D1F2E1634;https://storage.googleapis.com/static.ququ.shop/img/product/600x866/5D1F2E1634-0.jpg;Philips;size: one size;Утюги;5D1F2E1634
b6d73715-d4b0-4648-8411-d3a42b00c8db;Philips Выпрямитель волос BHS-378;"StraightCare Essential
Выпрямитель ThermoProtect

Точные настройки и система ионизации: гладкие и блестящие волосы

Создавайте укладку легко и быстро благодаря длинным пластинам с кератиновым покрытием, а также 6 температурным режимам. Заботьтесь о своих волосах с технологией ThermoProtect, предотвращающей перегревание, и обеспечивайте блеск волос с помощью системы ионизации.

Характеристики

Длина шнура: 1,8м
Напряжение: 110-240В
Время нагрева: 30 сек.
Тип регулировки температуры: Ползунок с LED-индикатором
Длинные пластины: 28x100 мм
Температурный диапазон: 160–230 °C
Шнур на шарнире: Да
Индикатор готовности к использованию: Да
Материал пластин: Керамические пластины с кератиновым покрытием
Петелька для подвешивания: Да
Блокировка пластин: Да
";unisex;adult;in stock;5;new;610.00 TJS;610.00 TJS;https://m.qu-qu.shop/product/C8DC89EFA6;https://storage.googleapis.com/static.ququ.shop/img/product/600x866/C8DC89EFA6-0.jpg;Philips;size: one size;Выпрямители для волос;C8DC89EFA6
a71f0492-c34e-4cbe-aec7-09657cfd0732;Philips Кухонный комбайн HR-7778;"Рубите, нарезайте, шинкуйте, замешивайте, взбивайте и смешивайте

Кухонный комбайн Philips серии 7000 — это универсальное решение для вашей кухни. Благодаря новой инновационной металлической насадке-крюку для теста, мощному мотору 1300 Вт и запрограммированной кнопке замешивания теста одним нажатием выпекать хлеб стало просто, как никогда. поможет в приготовлении вкусных воздушных кексов и другой выпечки для всей семьи. Благодаря конической насадке достигается более нежная и воздушная консистенция, а также обеспечивается быстрое смешивание. Мощный мотор 450 Вт позволяет легко замешивать даже самое густое тесто.

Характеристики

Основной материал: Пластик
Дополнительный материал: Металл
Функции: Смешивание, измельчение, шинкование, замешивание теста, эмульсирование, соковыжималка для цитрусовых
Количество порций: 8
Нескользящие ножки: Да
Интерфейс: Поворотный регулятор, 3 кнопки с предустановками
Длина шнура: 1m
Технология: PowerChop
";unisex;adult;in stock;2;new;4400.00 TJS;4400.00 TJS;https://m.qu-qu.shop/product/52381B0BB2;https://storage.googleapis.com/static.ququ.shop/img/product/600x866/52381B0BB2-0.jpg;Philips;size: one size;Комбайны;52381B0BB2
aac80c03-9f85-442d-8887-ddef2f29a8dc;Philips Миксер ручной HR-3740;"Мощное, эффективное смешивание для пышных пирогов

Миксер Philips поможет в приготовлении вкусных воздушных кексов и другой выпечки для всей семьи. Благодаря конической насадке достигается более нежная и воздушная консистенция, а также обеспечивается быстрое смешивание. Мощный мотор 450 Вт позволяет легко замешивать даже самое густое тесто.

Характеристики

Основной материал: Пластик ABS 
Длина шнура: 1,2м
Материал кувшина: АБС-пластик
Материал лезвия: Нержавеющая сталь
Съемные лезвия: Да
Мощность: 450 Вт
Напряжение: 220–240 В
Частота: 50/60 Гц
Аккумулятор: Нет
";unisex;adult;in stock;1;new;550.00 TJS;550.00 TJS;https://m.qu-qu.shop/product/D3CE5B5C44;https://storage.googleapis.com/static.ququ.shop/img/product/600x866/D3CE5B5C44-0.jpg;Philips;size: one size;Миксеры, блендеры;D3CE5B5C44
23217836-3acc-4a76-817a-02b2b7aedc1b;Philips Электрический чайник HD-9350;"Daily Collection

Прослужит долго
Прочный чайник выполнен из безопасной пищевой нержавеющей стали и разработан специально для ежедневного использования в течение длительного времени. Компания Philips создала этот стильный и качественный чайник благодаря 60-летнему опыту в сфере предоставления надежных решений.

Характеристики

Напряжение: 220–240  V
Мощность: 1850–2200  W
Длина шнура: 0,75  m
Емкость: 1,7L
";unisex;adult;in stock;4;new;670.00 TJS;670.00 TJS;https://m.qu-qu.shop/product/1A5AD30A04;https://storage.googleapis.com/static.ququ.shop/img/product/600x866/1A5AD30A04-0.jpg;Philips;size: one size;Электрические чайники;1A5AD30A04
e5dd151d-1c1f-4320-a3ed-fd7d298da218;Philips Блендер ручной HR-2657;"Viva Collection
Погружной блендер с технологией ProMix

Больше насадок – больше полезных блюд!
Новые погружные блендеры из коллекции ProMix Viva с различными аксессуарами помогут вам разнообразить меню питательными блюдами.

Характеристики

Основной материал:Пластик
Дополнительный материал: Металл
Функции: смешивание, измельчение, взбивание, спиралайзер
Длина шнура: 1,2m
Технология: ProMix, SpeedTouch
Ненагревающиеся ручки: Да
Можно мыть в посудомоечной машине: Да
Индикатор емкости: Да
Материал кувшина: Пластик (SAN)
Материал лезвия: Нержавеющая сталь
Оборотов в минуту: 11 500
";unisex;adult;in stock;1;new;1750.00 TJS;1750.00 TJS;https://m.qu-qu.shop/product/17784A2D35;https://storage.googleapis.com/static.ququ.shop/img/product/600x866/17784A2D35-0.jpg;Philips;size: one size;Миксеры, блендеры;17784A2D35
0051948b-2764-46ae-95c7-dd705456d3b2;Philips Миксер HR-3745;"Мощное, эффективное смешивание для пышных пирогов

Миксер Philips поможет в приготовлении вкусных воздушных кексов и другой выпечки для всей семьи. Благодаря конической насадке достигается более нежная и воздушная консистенция, а также обеспечивается быстрое смешивание. Мощный мотор 450 Вт позволяет легко замешивать даже самое густое тесто.

Характеристики

Основной материал: Пластик ABS
Дополнительный материал: Металл
Функции: взбивание, замешивание теста
Отделение для хранения шнура: Да
Индикатор емкости: Да
Материал лезвия: Нержавеющая сталь
Мощность: 450 Вт
";unisex;adult;out of stock;1;new;960.00 TJS;960.00 TJS;https://m.qu-qu.shop/product/0D2877E39A;https://storage.googleapis.com/static.ququ.shop/img/product/600x866/0D2877E39A-0.jpg;Philips;size: one size;Миксеры, блендеры;0D2877E39A
2471d0ac-4152-476a-bdad-ccbfe3d0dcf2;Philips Электрический чайник HD-9318;"Электрочайник Philips HD9318/20 − это функциональный прибор, обладающий стильным дизайном и элементами, которые обеспечивают его комфортную эксплуатацию. Мощность прибора достигает 2200 Вт, что позволяет ему за считанные минуты доводить воду до состояния кипения. На одной из сторон корпуса предусмотрена шкала уровня воды, нанесенная на прозрачное вертикальное окошко. Дополнительно на шкале присутствует указание количества чашек, для приготовления которых будет достаточно воды, содержащейся в чайнике. Объем внутренней колбы соответствует 1.7 л.
Конструкция Philips HD9318/20 предполагает закрытый элемент нагрева, что позволило производителю сделать плоское дно, защитив элемент от контакта с водой и образования накипи. Чайник представлен в черном пластиковом корпусе с удобным носиком. Гибкий нейлоновый фильтр, помещенный в носик, защищает от попадания накипи в чашку. Фильтр легко вынимается для очистки от скопления частиц накипи. От выкипания воды устройство защищает автоматическое отключение после закипания воды.

Характеристики

Объем: 1.7 л
Мощность: 2200 Вт
Материал корпуса: пластик
Длина сетевого шнура: 0.75 м
";unisex;adult;in stock;5;new;510.00 TJS;510.00 TJS;https://m.qu-qu.shop/product/A048853020;https://storage.googleapis.com/static.ququ.shop/img/product/600x866/A048853020-0.jpg;Philips;size: one size;Электрические чайники;A048853020
a5b703a1-8064-43ba-87ae-d7e7fc9c1d0a;Tefal Утюг с парогенератором GV9812;"Парогенератор TEFAL PRO EXPRESS VISION сочетает непревзойденную силу пара и смарт-дизайн для идеального результатата каждый раз. Умная LED-подсветка упрощает процесс глажения, вы увидите все складки на одежде даже при слабом освещении в комнате. Технология ультрамощного пара сделает процесс глажения максимально эффективным.

Характеристики:

Давление пара: 8,1 бар
Резервуар для воды: 1,2 л
Мощность: 2200 Вт
Паровой удар: 700 г/мин
Материал подошвы: Durilium Airglide Autoclean Ultra-thin
Подача пара: 180 г/мин
Фиксатор утюга: Да
Умная LED-подсветка зоны глажения: Да
Коллектор от накипи: Да
";unisex;adult;in stock;2;new;5440.00 TJS;5440.00 TJS;https://m.qu-qu.shop/product/70F9A0EE57;https://storage.googleapis.com/static.ququ.shop/img/product/600x866/70F9A0EE57-0.jpg;Tefal;size: one size;Утюги;70F9A0EE57
4b01a131-3000-4177-9624-8a310e64feab;Tefal Рисоварка RK7401;Рисоварка RK7401;unisex;adult;in stock;2;new;1590.00 TJS;1590.00 TJS;https://m.qu-qu.shop/product/A68E8863A0;https://storage.googleapis.com/static.ququ.shop/img/product/600x866/A68E8863A0-0.jpg;Tefal;size: one size;Рисоварки;A68E8863A0
ae6c7307-015f-4a40-a434-0e53070b857e;Tefal Электрический чайник KO6931;"Наслаждайтесь любимыми горячими напитками, приготовленными при правильной температуре, с современным электрическим чайником Tefal. Чайник выполнен в элегантном минималистичном дизайне и оснащен встроенным скрытым электронным дисплеем, который показывает температуру воды внутри чайника в режиме реального времени..

Характеристики:

Материал корпуса: Пластик
Мощность: 1800 Вт
Объем: 1.5 л
Количество температурных режимов: 5
Защита от ожогов: Двойные стенки";unisex;adult;in stock;2;new;890.00 TJS;890.00 TJS;https://m.qu-qu.shop/product/EE5272368E;https://storage.googleapis.com/static.ququ.shop/img/product/600x866/EE5272368E-0.jpg;Tefal;size: one size;Электрические чайники;EE5272368E
b22a49b4-403b-46f5-bf10-51a6752288c4;Tefal Утюг FV5715;"Утюг Easygliss Plus сделает каждое глажение быстрым и легким благодаря ультратонкой подошве Durilium Airglide, которая идеально скользит по любому типу ткани, и высокой мощности 2400 Вт, благодаря которой утюг разогревается за считанные секунды. Мощность постоянного пара достигает 45 г/мин, позволяя эффективно гладить ваши вещи, а паровой удар до 190 г/мин помогает удалить самые стойкие складки. Утюг выполнен в практичном дизайне с удобным расположением отверстия для наполнения резервуара для воды, оснащен системой «Капля-стоп», которая предотвращает попадание капель воды на ткани во время глажения, и имеет активные паровые отверстия по всей поверхности подошвы, которые обеспечивают максимальное распределение пара.

Характеристики:

Мощность: 2400 Вт
Паровой удар: 190 г/мин
Материал подошвы: Durilium Airglide
Подача пара: 45 г/мин
Автоотключение: Нет
Система самоочистки
Противокапельная система: Да";unisex;adult;in stock;1;new;850.00 TJS;850.00 TJS;https://m.qu-qu.shop/product/BBF94FB0FD;https://storage.googleapis.com/static.ququ.shop/img/product/600x866/BBF94FB0FD-0.jpg;Tefal;size: one size;Утюги;BBF94FB0FD
6145da4e-e6ff-43cf-b540-98a20be6330b;Tefal Электрический чайник KO2601;"Функциональный и стильный электрочайник Tefal KO2601 белого цвета обладает довольно высокой мощностью (2150 Вт). Вода в нем закипает за считанные минуты и может долго оставаться горячей благодаря особенностям конструкции. В чайнике предусмотрена внутренняя колба из нержавеющей стали, заключенная в корпус из пластика, что обеспечивает «эффект термоса». При этом конструкция чайника довольно эргономичная, что делает его повседневное использование очень комфортным. Есть шкала уровня воды, чтобы точно заполнять чайник при необходимости.

Характеристики:

Материал корпуса: Пластик
Мощность: 2150 Вт
Объем: 1.7 л
Защита от ожогов: Двойные стенки";unisex;adult;in stock;5;new;730.00 TJS;730.00 TJS;https://m.qu-qu.shop/product/CA3636BCE8;https://storage.googleapis.com/static.ququ.shop/img/product/600x866/CA3636BCE8-0.jpg;Tefal;size: one size;Электрические чайники;CA3636BCE8
f8ad5e7d-fe6f-4e08-b6dd-a6c972cbcef5;Tefal Блендер MF815866;Блендер MF815866;unisex;adult;in stock;4;new;2350.00 TJS;2350.00 TJS;https://m.qu-qu.shop/product/BF47892D50;https://storage.googleapis.com/static.ququ.shop/img/product/600x866/BF47892D50-0.jpg;Tefal;size: one size;Миксеры, блендеры;BF47892D50
3804c599-1e8b-4602-88ee-38a197eabc11;Tefal Отпариватель IT3420;Получите идеальный результат разглаживания на всех типах тканей с мощным отпаривателем для одежды Tefal Pro Style Care. Его сверхмощный пар до 42 г/мин легко и быстро разглаживает любые складки, а запатентованная система вертикальной поддержки Press & Steam от Tefal обеспечивает дополнительный комфорт в уходе за вещами. Откройте для себя надежный отпариватель, который идеально разгладит, освежит и продезинфицирует вашу одежду.;unisex;adult;in stock;2;new;5400.00 TJS;5400.00 TJS;https://m.qu-qu.shop/product/A2CA9D624B;https://storage.googleapis.com/static.ququ.shop/img/product/600x866/A2CA9D624B-0.jpg;Tefal;size: one size;Отпариватели;A2CA9D624B
4dd3a99e-2d48-4722-a948-b5ffc7d2eaa0;Tefal Фритюрница FF220040;"Побалуйте себя и близких действительно вкусной картошкой-фри вместе с фритюрницей Minifryer от Tefal. Корпус устройства выполнен из нержавеющей стали и имеет удобные ручки для переноски, а вместительная чаша имеет антипригарное покрытие, что предотвращает пригорание еды при приготовлении. С помощью специального смотрового окна в крышке устройства вы легко сможете наблюдать за процессом приготовления любимых блюд. А благодаря ее компактным размерам фритюрницу можно удобно хранить даже в небольшой кухне или брать с собой на дачу.

Характеристики:

Максимальный объем масла: 1 л
Максимальный вес ингредиентов: 0.6 кг
Окошко для контроля приготовления: Да
Регулируемый термостат: Да
Антипригарное покрытие чаши: Да
Дополнительные аксессуары: Корзина для жарки";unisex;adult;in stock;2;new;1250.00 TJS;1250.00 TJS;https://m.qu-qu.shop/product/341723355A;https://storage.googleapis.com/static.ququ.shop/img/product/600x866/341723355A-0.jpg;Tefal;size: one size;Фритюрницы;341723355A
accde4c7-ec88-4b26-b02b-16d39afdc949;Tefal Пылесос беспроводной TY6543;Беспроводной пылесос Tefal создан для того, чтобы дарить вам новый, приятный опыт эффективной уборки всей квартиры от пола до потолка. Мощный мотор сочетается с удобным, эргономичным и легким корпусом в ручном режиме, исключительной автономностью и высокоэффективной насадкой с LED подсветкой для глубокой очистки любых напольных покрытий. Пылесос позволяет легко и быстро добиться идеальной чистоты во всем доме.;unisex;adult;in stock;1;new;2380.00 TJS;2380.00 TJS;https://m.qu-qu.shop/product/45C4F53352;https://storage.googleapis.com/static.ququ.shop/img/product/600x866/45C4F53352-0.jpg;Tefal;size: one size;Пылесосы;45C4F53352
0ea07e7f-6386-4d6b-a8c2-636cf404251d;Tefal Сковорода L23191;Сковорода L23191;unisex;adult;in stock;2;new;1100.00 TJS;1100.00 TJS;https://m.qu-qu.shop/product/E98859A32B;https://storage.googleapis.com/static.ququ.shop/img/product/600x866/E98859A32B-0.jpg;Tefal;size: one size;Сковороды;E98859A32B
baebf71f-4d8e-403d-a0ac-7de2a51bb122;Kenwood Соковыжималка JEM02800W;Соковыжималка JEM02800W;unisex;adult;in stock;2;new;1500.00 TJS;1500.00 TJS;https://m.qu-qu.shop/product/CC7FC89DF4;https://storage.googleapis.com/static.ququ.shop/img/product/600x866/CC7FC89DF4-0.jpg;Kenwood;size: one size;Соковыжималки;CC7FC89DF4
28085f7d-95b2-4140-8155-de32f491deb8;Kenwood Электрический гриль HGM50;"Kenwood HGM50 со сменным грилем подходит для создания вкусных тостов для сэндвичей и приготовления шампуров или котлет для бургеров на гриле! Идеально подойдет для отдыха или повседневной готовки.

Характеристики:

Мощность:	1800 Вт
Покрытие:	Антипригарное
Особенности:	2 положения - контактное или открытое на 180°
Ручка: Cool-touch
Габариты	32 x 30 x 8 см, Вес 3,56 кг
Цвет:	Серебристый
Комплект поставки:	Настольный гриль, Поддон для масла, ручка, инструкция пользователя
";unisex;adult;in stock;2;new;1400.00 TJS;1400.00 TJS;https://m.qu-qu.shop/product/8B7924F6F8;https://storage.googleapis.com/static.ququ.shop/img/product/600x866/8B7924F6F8-0.jpg;Kenwood;size: one size;Электрогрили;8B7924F6F8
4d5f55e2-a2d5-448b-ad74-18991b466b5e;Kenwood Кухонный комбайн FDM71;"Освежите свой опыт приготовления пищи с Kenwood Multipro Express Weigh+ — 7-в-1 кухонным комбайном, который станет вашим верным помощником в кухне.

С интегрированными цифровыми весами, уникальными для Kenwood, исследуйте мир кулинарии без лишних хлопот. Переключайтесь между граммами и унциями, взвешивайте прямо в чаше или как автономный вес. Также, благодаря запатентованной технологии экспресс-сервировки, готовьте, не замарачиваясь с мытьем дополнительной посуды.

Kenwood Multipro Express Weigh+ — навигатор в мире кулинарии, где инновации встречаются с функциональностью. Освежите свой стиль готовки сегодня!

Характеристики:

Страна-изготовитель: Великобритания
Системы защиты: Защита от перегрева
Мощность, Вт: 1000
Материал корпуса: Металл, Пластик
Объем чаши: 3л
Цвет: Серебристый
";unisex;adult;in stock;1;new;5850.00 TJS;5850.00 TJS;https://m.qu-qu.shop/product/410DCD35EB;https://storage.googleapis.com/static.ququ.shop/img/product/600x866/410DCD35EB-0.jpg;Kenwood;size: one size;Комбайны;410DCD35EB
d5788ab6-ee51-4e28-9f81-eb45fd238f03;Kenwood Мясорубка MG510;"Комплектация
Корпус мясорубки, Загрузочный блок, Шнек, Нож, Лоток, Толкатель, Решетка (3 в комплекте, диаметр отверстий 3мм, 4.5мм и 8 мм), Насадка для колбас, Насадка для кеббе, Миска для фарша/крышка, Руководство пользователя.

Характеристики:

Производительность, кг/мин: 2
Мощность, Вт: 450
Макс. мощность (при блокировке мотора), Вт: 1600
Материал корпуса: Металл
Материал лотка: Металл
Цвет: Серый металлик

";unisex;adult;in stock;2;new;2070.00 TJS;2070.00 TJS;https://m.qu-qu.shop/product/6B647A5EBD;https://storage.googleapis.com/static.ququ.shop/img/product/600x866/6B647A5EBD-0.jpg;Kenwood;size: one size;Мясорубки;6B647A5EBD
1d2c3700-ed8b-4990-b006-e4353cf976a2;Braun Фен-щетка для волос AS 720;"Стайлер для укладки Braun Satin Hair 7 с функцией ионизации IONTEC наполняет волосы миллионами активных ионов. Они мгновенно устраняют статическое электричество, создаваемое обычными стайлерами для укладки. Волосы становятся более ровными и гладкими, излучая заметно больше блеска.

Характеристики:

Тип укладки: сушка и укладка
Функция ионизации:	+
Функция холодный воздух:	+
Количество температурных режимов: 2
Цвет: черный
Мощность (Вт):	700

Комплектация:

Насадка расческа:	+
Большая круглая щетка 38 мм:	+
Инструкция по эксплуатации:	+
";unisex;adult;in stock;3;new;1260.00 TJS;1260.00 TJS;https://m.qu-qu.shop/product/D86D35C84A;https://storage.googleapis.com/static.ququ.shop/img/product/600x866/D86D35C84A-0.jpg;Braun;size: one size;Фены для волос;D86D35C84A
5bf4c8e0-e7b8-48d5-a7c5-9ac28daab233;Braun Электрический чайник WK 5110;"Braun ID — Коллекция завтраков.

Начните день по-своему.
Завтрак сделан так, как вам нравится. Новый чайник Braun ID Breakfast Collection WK 5110 для завтрака позволяет вам приготовить максимум любимых напитков каждое утро!

Характеристики:

Объем: 1,7 л
Мощность: 3000 Вт
Система быстрого закипания - 35 секунд
Кипячение воды на 1 чашку
Широкий приподнятый носик: удобно наливать воду из-под крана
Скрытый нагревательный элемент из нержавеющей стали
4‑х уровневая система безопасности - автоотключение:
- при закипании воды
- при отсутствии воды
- при подъеме чайника с базы
- дополнительная стабильность при наклоне корпуса на 15°
Эргономичный дизайн:
- удобная кнопка старта / выключения с подсветкой
- комфортная открытая ручка из прорезиненного материала
Съемный, моющийся фильтр от накипи
Основание: вращение 360°
Материал: высококачественный пластик, не содержит бисфенола
";unisex;adult;in stock;6;new;1080.00 TJS;1080.00 TJS;https://m.qu-qu.shop/product/7B23BECE50;https://storage.googleapis.com/static.ququ.shop/img/product/600x866/7B23BECE50-0.jpg;Braun;size: one size;Электрические чайники;7B23BECE50
8d2ff69d-0f9e-4a68-91ac-638be14a4205;Braun Фен для волос HD 130;"Фен Satin Hair Style&Go. Путешествуйте со стилем. Этот складной дорожный фен легко упаковывается и по-настоящему компактен. Он дает свободу сушить и укладывать волосы в любое время и в любом месте. Два температурных режима позволяют добиваться отличных результатов без ущерба здоровью волос, а складная ручка делает фен экстракомпактным, удобным для хранения и перевозки, при этом не влияя на мощность фена.

Характеристики:

Количество скоростей:	1
Система инфракрасного нагрева:	+
Количество температурных режимов:	2
Независимая регулировка режимов:	+

Комплектация:

Насадок в комплекте:	1
Профессиональная насадка - концентратор:	+
";unisex;adult;in stock;6;new;670.00 TJS;670.00 TJS;https://m.qu-qu.shop/product/C6B03C4DCC;https://storage.googleapis.com/static.ququ.shop/img/product/600x866/C6B03C4DCC-0.jpg;Braun;size: one size;Фены для волос;C6B03C4DCC
0d05ef91-c55a-4f40-9f08-59a2bf479651;Braun Триммер универсальный MGK 5260;"Универсальные наборы для стайлинга обеспечивают полноценный уход за волосами на лице, голове и теле. До 10 функций в 1 приборе. Сверхострые металлические лезвия с неограниченным сроком службы позволяют достичь идеального результата с первого движения. Без защипываний и выдергиваний волос.
Подстригайте волосы, установив нужную длину - 0,5-21мм благодаря 2 регулируемым гребням. 13 точных настроек длины. Мотор Autosensing обеспечивает постоянную скорость даже при обработке густых волос.

Характеристики:

Тип устройства:	триммер для волос, бороды, усов
Водонепроницаемость:	+
Гарантия (лет):	2
Тип питания: Li-ion аккумулятор
Цвет:	черный/серый
Светодиодный индикатор уровня зарядки:	+

Комплектация:

Насадок в комплекте:	6
Насадка-гребень для коротких волос 3-11 мм:	+
Насадка-гребень 1 мм:	+
Насадка-гребень для длинных волос 13-21 мм:	+
Насадка-гребень 2 мм:	+
Насадка для точного стайлинга:	+
Насадка для носа и ушей:	+
Зарядное устройство SmartPlug:	+
Щеточка для чистки:	+
";unisex;adult;in stock;3;new;860.00 TJS;860.00 TJS;https://m.qu-qu.shop/product/E1D81B9127;https://storage.googleapis.com/static.ququ.shop/img/product/600x866/E1D81B9127-0.jpg;Braun;size: one size;Триммеры, эпиляторы;E1D81B9127
dd2ab594-0451-465a-aedb-0fa023eed872;Braun Блендер MQ 5285;Блендер MQ 5285;unisex;adult;in stock;6;new;1990.00 TJS;1990.00 TJS;https://m.qu-qu.shop/product/55FE3E3E6B;https://storage.googleapis.com/static.ququ.shop/img/product/600x866/55FE3E3E6B-0.jpg;Braun;size: one size;Миксеры, блендеры;55FE3E3E6B
dd6a230b-3028-462c-ad34-db8a588b223f;Braun Миксер HM 1070;"Миксер Braun HM1070WH представляет собой домашнего ассистента, которому вы с легкостью доверите приготовление различных соусов, начинок, легких десертов и пышного теста. Представленная модель комплектуется 3-литровой чашей, выполненной на основе безопасного для здоровья пластика. Подовому материалу не свойственно выделение тех или иных соединений, а также воздействие на вкусовые свойства продуктов.
Миксер Braun HM1070WH предлагает поварам возможность выбора среди 4 различных режимов. Чтобы взбить те или иные ингредиенты для омлета, запеканок, домашних сырников, не придется расходовать уйму времени – потребуется лишь установить насадку-венчик. Непрерывное вращение основной емкости способствует более тщательному и деликатному перемешиванию продуктов. Для значительного повышения мощности кухонного помощника достаточно активировать турборежим.

Максимальная мощность: 400 Вт
Объем чаши: 3л
Материал чаши: пластик
Материал корпуса: металл, пластик
Кнопка отсоединения насадок: есть
Напряжение питания: 220-240В/50-60Гц
";unisex;adult;in stock;3;new;950.00 TJS;950.00 TJS;https://m.qu-qu.shop/product/F51897D8F4;https://storage.googleapis.com/static.ququ.shop/img/product/600x866/F51897D8F4-0.jpg;Braun;size: one size;Миксеры, блендеры;F51897D8F4
099faf7c-37a5-49b3-b279-430e10e4dab5;Braun Соковыжималка CJ 301;"Выбирайте здоровый образ жизни и начинайте свое утро с получения полезных веществ с помощью свежевыжатых соков и напитков, приготовленных с помощью вашей новой соковыжималки медленного отжима. Благодаря системе медленного отжима вы получите максимум пользы от выбранных вами фруктов и овощей. Она позволяет безопасно и просто готовить вкусный и полезный свежевыжатый сок с высокой степенью извлечения - до 80%, оснащена трубкой для подачи фруктов и овощей и мощным двигателем нового поколения. Сохраняет все питательные вещества, витамины и ферменты в их естественном виде, благодаря чему получается питательная и освежающая смесь.

* Пресс-конус, который поочередно поворачивается влево и вправо для особенно тщательного извлечения сока
* Контейнер для мякоти большой емкости позволяет выжать достаточное количество сока за один прием
* Носик для предотвращения попадания сока на стол
* Прочная металлическая насадка надежно удерживает фрукты на месте и позволяет более эффективно выжимать сок
* Плотно фиксирует детали соковыжималки, чтобы она не двигалась во время приготовления сока


Установка — настольная
Цвет — белый
Длина изделия — 15,1 см
Высота изделия — 26,8 см
Ширина изделия — 20,6 см
Объем — 1 л
Мощность — 20 Вт
Номер модели — CJ301";unisex;adult;in stock;2;new;660.00 TJS;660.00 TJS;https://m.qu-qu.shop/product/B1759771E0;https://storage.googleapis.com/static.ququ.shop/img/product/600x866/B1759771E0-0.jpg;Braun;size: one size;Соковыжималки;B1759771E0
2d1d1f96-4223-42cc-9c67-35328ffbdbc6;Zielinski & Rozen Духи концентрированные Черный перец, Ветивер, Нероли, Амбра;"Ароматы Zielinski&Rozen категории унисекс. 10 мл 

Раскрываются по системе пирамиды, сначала ноты головы, затем - ноты сердца и, наконец, базовые ноты, которые сохраняются дольше всего.

Все ароматы созданы только из натуральных ингредиентов, и в каждом их более 30.";unisex;adult;in stock;2;new;345.00 TJS;345.00 TJS;https://m.qu-qu.shop/product/CC630D17B3;https://storage.googleapis.com/static.ququ.shop/img/product/600x866/CC630D17B3-0.jpg;Zielinski & Rozen;size: one size;Духи;CC630D17B3
